event_time,amount,transactions_1h,billing_country_matches,card_age_days,hour_utc,is_fraud
2024-01-01T00:00:00,25.08,3,0,1207,0,0
2024-01-01T01:00:00,31.59,8,1,301,1,0
2024-01-01T02:00:00,69.45,7,1,104,2,0
2024-01-01T03:00:00,173.48,5,1,1022,3,0
2024-01-01T04:00:00,311.18,11,1,886,4,0
2024-01-01T05:00:00,26.72,5,1,421,5,0
2024-01-01T06:00:00,13.11,1,1,1059,6,0
2024-01-01T07:00:00,871.7,9,1,1064,7,0
2024-01-01T08:00:00,107.2,3,1,1513,8,0
2024-01-01T09:00:00,9.22,12,1,1260,9,0
2024-01-01T10:00:00,917.86,10,1,64,10,0
2024-01-01T11:00:00,50.43,8,1,1084,11,0
2024-01-01T12:00:00,593.99,4,1,2000,12,0
2024-01-01T13:00:00,113.1,2,1,1842,13,0
2024-01-01T14:00:00,279.34,9,1,1952,14,0
2024-01-01T15:00:00,14.24,2,1,1475,15,0
2024-01-01T16:00:00,21.22,3,1,1652,16,0
2024-01-01T17:00:00,51.08,4,1,2088,17,0
2024-01-01T18:00:00,129.37,7,1,259,18,0
2024-01-01T19:00:00,987.7,5,1,217,19,0
2024-01-01T20:00:00,9.96,1,1,645,20,0
2024-01-01T21:00:00,122.7,4,1,1056,21,0
2024-01-01T22:00:00,80.31,12,1,1506,22,0
2024-01-01T23:00:00,570.12,9,1,777,23,0
2024-01-02T00:00:00,208.78,11,1,1276,0,0
2024-01-02T01:00:00,16.79,1,1,192,1,0
2024-01-02T02:00:00,326.44,6,1,933,2,0
2024-01-02T03:00:00,55.57,1,1,2045,3,0
2024-01-02T04:00:00,961.61,11,1,2333,4,0
2024-01-02T05:00:00,238.07,7,1,1315,5,0
2024-01-02T06:00:00,91.88,11,0,1494,6,0
2024-01-02T07:00:00,175.61,12,1,1782,7,0
2024-01-02T08:00:00,889.36,3,0,2075,8,0
2024-01-02T09:00:00,371.14,10,1,1802,9,0
2024-01-02T10:00:00,46.33,7,1,1352,10,0
2024-01-02T11:00:00,18.82,7,0,1632,11,0
2024-01-02T12:00:00,897.83,7,1,1169,12,0
2024-01-02T13:00:00,325.59,2,1,1369,13,0
2024-01-02T14:00:00,306.31,8,1,2366,14,0
2024-01-02T15:00:00,207.91,8,1,411,15,0
2024-01-02T16:00:00,71.08,8,1,2442,16,0
2024-01-02T17:00:00,76.25,10,1,1559,17,0
2024-01-02T18:00:00,12.0,1,1,1034,18,0
2024-01-02T19:00:00,112.63,3,1,1753,19,0
2024-01-02T20:00:00,692.93,8,1,2465,20,0
2024-01-02T21:00:00,248.6,5,1,1747,21,0
2024-01-02T22:00:00,26.36,12,1,736,22,0
2024-01-02T23:00:00,169.17,4,1,2128,23,0
2024-01-03T00:00:00,638.13,1,1,1201,0,0
2024-01-03T01:00:00,12.95,2,1,2,1,0
2024-01-03T02:00:00,14.88,12,1,1934,2,0
2024-01-03T03:00:00,281.43,10,0,674,3,0
2024-01-03T04:00:00,28.15,11,1,1779,4,0
2024-01-03T05:00:00,319.33,3,1,1227,5,0
2024-01-03T06:00:00,441.37,4,1,2327,6,0
2024-01-03T07:00:00,12.77,10,1,1892,7,0
2024-01-03T08:00:00,99.32,5,1,613,8,0
2024-01-03T09:00:00,441.08,5,1,923,9,0
2024-01-03T10:00:00,885.81,11,1,1776,10,0
2024-01-03T11:00:00,115.08,2,0,2282,11,0
2024-01-03T12:00:00,517.18,2,1,1128,12,0
2024-01-03T13:00:00,106.63,2,1,1892,13,0
2024-01-03T14:00:00,84.23,12,1,1105,14,0
2024-01-03T15:00:00,13.43,9,1,1653,15,0
2024-01-03T16:00:00,49.69,9,1,1247,16,0
2024-01-03T17:00:00,417.79,5,1,2493,17,0
2024-01-03T18:00:00,890.73,5,1,743,18,0
2024-01-03T19:00:00,212.2,12,1,2454,19,0
2024-01-03T20:00:00,984.53,3,1,1569,20,0
2024-01-03T21:00:00,42.7,10,1,1832,21,0
2024-01-03T22:00:00,9.28,1,1,1980,22,0
2024-01-03T23:00:00,637.11,6,1,1983,23,0
2024-01-04T00:00:00,499.63,7,1,1718,0,0
2024-01-04T01:00:00,268.54,11,1,129,1,0
2024-01-04T02:00:00,970.12,2,0,1235,2,0
2024-01-04T03:00:00,466.12,12,1,1998,3,0
2024-01-04T04:00:00,957.97,4,0,96,4,0
2024-01-04T05:00:00,20.0,6,1,1785,5,0
2024-01-04T06:00:00,611.66,12,1,1250,6,0
2024-01-04T07:00:00,53.39,4,1,640,7,0
2024-01-04T08:00:00,32.95,3,1,2128,8,0
2024-01-04T09:00:00,39.33,12,1,1789,9,0
2024-01-04T10:00:00,56.22,6,1,181,10,0
2024-01-04T11:00:00,241.65,5,1,1304,11,0
2024-01-04T12:00:00,126.88,8,1,1254,12,0
2024-01-04T13:00:00,72.2,12,1,520,13,0
2024-01-04T14:00:00,44.07,3,1,1785,14,0
2024-01-04T15:00:00,14.42,3,1,1239,15,0
2024-01-04T16:00:00,475.51,8,1,2281,16,0
2024-01-04T17:00:00,345.14,4,1,708,17,0
2024-01-04T18:00:00,673.84,1,0,2253,18,0
2024-01-04T19:00:00,17.63,4,1,16,19,0
2024-01-04T20:00:00,96.1,10,1,923,20,0
2024-01-04T21:00:00,384.61,2,0,1563,21,0
2024-01-04T22:00:00,55.16,7,1,1869,22,0
2024-01-04T23:00:00,1062.06,9,1,1419,23,0
2024-01-05T00:00:00,840.81,7,1,2211,0,0
2024-01-05T01:00:00,105.94,12,1,524,1,0
2024-01-05T02:00:00,234.71,1,1,1914,2,0
2024-01-05T03:00:00,512.57,4,1,193,3,0
2024-01-05T04:00:00,20.75,9,1,1836,4,0
2024-01-05T05:00:00,10.38,7,1,1692,5,0
2024-01-05T06:00:00,28.25,8,1,296,6,0
2024-01-05T07:00:00,18.12,9,1,538,7,0
2024-01-05T08:00:00,53.1,6,1,2203,8,0
2024-01-05T09:00:00,52.19,1,1,624,9,0
2024-01-05T10:00:00,144.68,8,1,652,10,0
2024-01-05T11:00:00,147.73,7,0,857,11,0
2024-01-05T12:00:00,150.58,9,1,436,12,0
2024-01-05T13:00:00,29.3,3,1,1777,13,0
2024-01-05T14:00:00,720.09,8,1,7,14,0
2024-01-05T15:00:00,34.1,11,1,1579,15,0
2024-01-05T16:00:00,699.53,12,1,367,16,0
2024-01-05T17:00:00,301.05,10,0,1279,17,0
2024-01-05T18:00:00,19.14,2,1,385,18,0
2024-01-05T19:00:00,284.49,4,1,1110,19,0
2024-01-05T20:00:00,58.59,9,1,1257,20,0
2024-01-05T21:00:00,16.53,11,1,2430,21,0
2024-01-05T22:00:00,13.44,6,1,435,22,0
2024-01-05T23:00:00,45.55,9,1,154,23,0
2024-01-06T00:00:00,16.47,8,1,113,0,0
2024-01-06T01:00:00,13.26,6,1,1414,1,0
2024-01-06T02:00:00,22.26,3,1,1032,2,0
2024-01-06T03:00:00,171.0,2,1,1115,3,0
2024-01-06T04:00:00,281.29,4,1,93,4,0
2024-01-06T05:00:00,16.53,4,1,2436,5,0
2024-01-06T06:00:00,18.12,4,1,1472,6,0
2024-01-06T07:00:00,69.81,9,1,920,7,0
2024-01-06T08:00:00,380.72,1,1,277,8,0
2024-01-06T09:00:00,244.18,6,1,1788,9,0
2024-01-06T10:00:00,252.68,3,1,2479,10,0
2024-01-06T11:00:00,763.21,10,1,1903,11,0
2024-01-06T12:00:00,195.57,5,1,753,12,0
2024-01-06T13:00:00,20.11,9,1,2401,13,0
2024-01-06T14:00:00,56.49,7,1,1144,14,0
2024-01-06T15:00:00,50.96,1,0,223,15,0
2024-01-06T16:00:00,25.35,12,0,2103,16,0
2024-01-06T17:00:00,13.45,8,1,1796,17,0
2024-01-06T18:00:00,13.82,3,1,195,18,0
2024-01-06T19:00:00,68.07,9,1,1565,19,0
2024-01-06T20:00:00,72.49,2,0,1146,20,0
2024-01-06T21:00:00,9.22,10,1,2227,21,0
2024-01-06T22:00:00,363.96,2,0,229,22,0
2024-01-06T23:00:00,17.01,9,1,924,23,0
2024-01-07T00:00:00,43.65,3,1,1423,0,0
2024-01-07T01:00:00,412.96,9,1,52,1,0
2024-01-07T02:00:00,618.24,2,1,1363,2,0
2024-01-07T03:00:00,20.66,7,1,1835,3,0
2024-01-07T04:00:00,116.3,4,1,1729,4,0
2024-01-07T05:00:00,86.06,9,1,21,5,0
2024-01-07T06:00:00,120.45,11,1,384,6,0
2024-01-07T07:00:00,430.07,10,1,2112,7,0
2024-01-07T08:00:00,137.97,6,1,632,8,0
2024-01-07T09:00:00,546.15,12,1,1585,9,0
2024-01-07T10:00:00,17.55,3,1,264,10,0
2024-01-07T11:00:00,30.7,7,1,813,11,0
2024-01-07T12:00:00,609.51,8,1,340,12,0
2024-01-07T13:00:00,291.28,5,1,1076,13,0
2024-01-07T14:00:00,43.35,6,1,952,14,0
2024-01-07T15:00:00,44.17,6,1,2435,15,0
2024-01-07T16:00:00,141.89,7,1,2201,16,0
2024-01-07T17:00:00,14.03,4,1,845,17,0
2024-01-07T18:00:00,638.29,4,1,1663,18,0
2024-01-07T19:00:00,10.33,10,1,873,19,0
2024-01-07T20:00:00,38.07,8,1,904,20,0
2024-01-07T21:00:00,112.99,5,1,1299,21,0
2024-01-07T22:00:00,102.27,12,1,596,22,0
2024-01-07T23:00:00,15.74,7,1,407,23,0
2024-01-08T00:00:00,916.47,6,1,397,0,0
2024-01-08T01:00:00,42.8,11,1,865,1,0
2024-01-08T02:00:00,42.37,8,1,1871,2,0
2024-01-08T03:00:00,183.49,1,1,1547,3,0
2024-01-08T04:00:00,18.52,4,1,1905,4,0
2024-01-08T05:00:00,74.81,11,1,1511,5,0
2024-01-08T06:00:00,296.0,8,1,2384,6,0
2024-01-08T07:00:00,357.02,6,1,1199,7,0
2024-01-08T08:00:00,209.51,9,1,277,8,0
2024-01-08T09:00:00,277.6,8,1,65,9,0
2024-01-08T10:00:00,465.04,3,1,128,10,0
2024-01-08T11:00:00,15.15,2,1,120,11,0
2024-01-08T12:00:00,32.68,12,1,244,12,0
2024-01-08T13:00:00,170.73,4,1,439,13,0
2024-01-08T14:00:00,99.97,2,1,166,14,0
2024-01-08T15:00:00,181.37,8,1,2414,15,0
2024-01-08T16:00:00,71.5,3,1,1655,16,0
2024-01-08T17:00:00,82.24,1,1,1703,17,0
2024-01-08T18:00:00,170.15,2,0,1639,18,0
2024-01-08T19:00:00,43.22,7,1,653,19,0
2024-01-08T20:00:00,244.76,9,1,376,20,0
2024-01-08T21:00:00,14.83,5,1,1449,21,0
2024-01-08T22:00:00,45.03,4,1,2294,22,0
2024-01-08T23:00:00,34.47,5,1,830,23,0
2024-01-09T00:00:00,21.09,10,1,294,0,0
2024-01-09T01:00:00,254.51,7,1,385,1,0
2024-01-09T02:00:00,1058.99,3,1,1009,2,0
2024-01-09T03:00:00,413.72,10,1,1702,3,0
2024-01-09T04:00:00,52.19,10,1,2135,4,0
2024-01-09T05:00:00,238.03,11,1,2097,5,0
2024-01-09T06:00:00,107.79,7,1,660,6,0
2024-01-09T07:00:00,17.81,6,1,1158,7,0
2024-01-09T08:00:00,67.12,5,1,931,8,0
2024-01-09T09:00:00,339.96,2,1,1915,9,0
2024-01-09T10:00:00,71.15,10,1,2374,10,0
2024-01-09T11:00:00,537.42,4,0,2048,11,0
2024-01-09T12:00:00,101.04,4,1,802,12,0
2024-01-09T13:00:00,510.42,4,1,1355,13,0
2024-01-09T14:00:00,23.33,4,1,1563,14,0
2024-01-09T15:00:00,9.98,7,1,1918,15,0
2024-01-09T16:00:00,17.1,12,1,409,16,0
2024-01-09T17:00:00,248.28,3,1,284,17,0
2024-01-09T18:00:00,443.01,4,1,1622,18,0
2024-01-09T19:00:00,835.17,11,1,1472,19,0
2024-01-09T20:00:00,9.76,2,1,279,20,0
2024-01-09T21:00:00,498.45,3,1,1600,21,0
2024-01-09T22:00:00,820.14,9,1,2109,22,0
2024-01-09T23:00:00,472.42,12,1,102,23,0
2024-01-10T00:00:00,26.66,10,1,293,0,0
2024-01-10T01:00:00,208.67,8,1,982,1,0
2024-01-10T02:00:00,194.01,3,1,477,2,0
2024-01-10T03:00:00,169.36,10,1,1302,3,0
2024-01-10T04:00:00,130.54,4,1,1321,4,0
2024-01-10T05:00:00,20.11,8,1,1450,5,0
2024-01-10T06:00:00,921.01,5,1,2353,6,0
2024-01-10T07:00:00,42.82,3,0,1217,7,0
2024-01-10T08:00:00,298.09,4,1,1891,8,0
2024-01-10T09:00:00,130.6,12,1,1578,9,0
2024-01-10T10:00:00,19.64,3,1,155,10,0
2024-01-10T11:00:00,40.48,11,1,2153,11,0
2024-01-10T12:00:00,249.62,6,1,393,12,0
2024-01-10T13:00:00,11.15,2,1,150,13,0
2024-01-10T14:00:00,19.76,8,1,1603,14,0
2024-01-10T15:00:00,835.1,3,1,2291,15,0
2024-01-10T16:00:00,39.19,5,1,862,16,0
2024-01-10T17:00:00,152.47,9,1,1054,17,0
2024-01-10T18:00:00,194.62,9,1,2261,18,0
2024-01-10T19:00:00,1076.06,12,1,1747,19,0
2024-01-10T20:00:00,610.38,12,1,1260,20,0
2024-01-10T21:00:00,857.9,11,1,1153,21,0
2024-01-10T22:00:00,24.4,9,1,585,22,0
2024-01-10T23:00:00,40.94,1,1,2360,23,0
2024-01-11T00:00:00,20.6,12,1,532,0,0
2024-01-11T01:00:00,231.85,1,1,1641,1,0
2024-01-11T02:00:00,32.08,9,1,882,2,0
2024-01-11T03:00:00,103.5,4,1,2420,3,0
2024-01-11T04:00:00,227.49,11,1,2117,4,0
2024-01-11T05:00:00,45.51,7,1,1417,5,0
2024-01-11T06:00:00,24.53,12,1,1068,6,0
2024-01-11T07:00:00,86.57,7,1,1352,7,0
2024-01-11T08:00:00,24.38,1,0,429,8,0
2024-01-11T09:00:00,121.34,2,0,12,9,0
2024-01-11T10:00:00,476.41,3,0,834,10,0
2024-01-11T11:00:00,47.07,3,1,2389,11,0
2024-01-11T12:00:00,164.65,2,1,3,12,0
2024-01-11T13:00:00,764.62,2,1,1944,13,0
2024-01-11T14:00:00,641.18,3,1,402,14,0
2024-01-11T15:00:00,516.63,11,1,1901,15,0
2024-01-11T16:00:00,820.14,2,1,1768,16,0
2024-01-11T17:00:00,10.91,9,0,1976,17,0
2024-01-11T18:00:00,23.25,8,1,1322,18,0
2024-01-11T19:00:00,104.38,12,1,1551,19,0
2024-01-11T20:00:00,162.81,2,1,1740,20,0
2024-01-11T21:00:00,587.28,6,1,2469,21,0
2024-01-11T22:00:00,52.0,3,1,872,22,0
2024-01-11T23:00:00,96.96,9,1,815,23,0
2024-01-12T00:00:00,388.79,6,1,575,0,0
2024-01-12T01:00:00,134.36,9,1,109,1,0
2024-01-12T02:00:00,46.29,11,0,662,2,0
2024-01-12T03:00:00,34.33,11,1,1880,3,0
2024-01-12T04:00:00,200.38,1,1,1236,4,0
2024-01-12T05:00:00,71.58,8,1,1584,5,0
2024-01-12T06:00:00,23.29,8,1,1513,6,0
2024-01-12T07:00:00,375.76,3,1,67,7,0
2024-01-12T08:00:00,127.42,3,1,1187,8,0
2024-01-12T09:00:00,13.0,2,0,1275,9,0
2024-01-12T10:00:00,23.88,2,1,735,10,0
2024-01-12T11:00:00,263.6,8,1,1296,11,0
2024-01-12T12:00:00,577.35,12,1,1941,12,0
2024-01-12T13:00:00,114.18,9,1,356,13,0
2024-01-12T14:00:00,79.72,1,1,533,14,0
2024-01-12T15:00:00,22.34,1,1,1702,15,0
2024-01-12T16:00:00,11.53,4,0,1253,16,0
2024-01-12T17:00:00,244.94,2,1,1230,17,0
2024-01-12T18:00:00,28.11,5,1,1337,18,0
2024-01-12T19:00:00,155.29,3,1,1368,19,0
2024-01-12T20:00:00,57.43,5,1,394,20,0
2024-01-12T21:00:00,74.28,7,1,228,21,0
2024-01-12T22:00:00,23.05,5,1,511,22,0
2024-01-12T23:00:00,572.15,3,1,2380,23,0
2024-01-13T00:00:00,9.3,7,1,555,0,0
2024-01-13T01:00:00,271.96,8,0,1674,1,0
2024-01-13T02:00:00,44.63,6,1,332,2,0
2024-01-13T03:00:00,22.26,9,1,839,3,0
2024-01-13T04:00:00,64.0,2,0,1154,4,0
2024-01-13T05:00:00,127.35,9,1,73,5,0
2024-01-13T06:00:00,24.71,5,1,1081,6,0
2024-01-13T07:00:00,207.31,12,0,1434,7,0
2024-01-13T08:00:00,1002.85,12,1,1453,8,0
2024-01-13T09:00:00,67.8,11,1,28,9,0
2024-01-13T10:00:00,402.81,5,1,1263,10,0
2024-01-13T11:00:00,15.44,9,1,2204,11,0
2024-01-13T12:00:00,829.58,4,1,1089,12,0
2024-01-13T13:00:00,9.18,8,1,1408,13,0
2024-01-13T14:00:00,48.78,7,1,1380,14,0
2024-01-13T15:00:00,22.55,8,1,661,15,0
2024-01-13T16:00:00,44.83,7,1,1859,16,0
2024-01-13T17:00:00,997.53,2,1,2191,17,0
2024-01-13T18:00:00,672.94,11,1,2461,18,0
2024-01-13T19:00:00,25.23,10,1,875,19,0
2024-01-13T20:00:00,89.27,9,1,1156,20,0
2024-01-13T21:00:00,620.47,12,1,1087,21,0
2024-01-13T22:00:00,9.33,9,1,1838,22,0
2024-01-13T23:00:00,998.22,9,1,45,23,0
2024-01-14T00:00:00,692.57,9,1,2224,0,0
2024-01-14T01:00:00,166.09,12,1,456,1,0
2024-01-14T02:00:00,11.38,12,1,591,2,0
2024-01-14T03:00:00,26.24,3,1,666,3,0
2024-01-14T04:00:00,39.24,11,1,1537,4,0
2024-01-14T05:00:00,680.77,9,1,1057,5,0
2024-01-14T06:00:00,152.62,1,1,1848,6,0
2024-01-14T07:00:00,520.15,5,1,68,7,0
2024-01-14T08:00:00,97.59,7,0,1594,8,0
2024-01-14T09:00:00,70.94,1,1,966,9,0
2024-01-14T10:00:00,74.91,6,1,1363,10,0
2024-01-14T11:00:00,457.68,6,1,381,11,0
2024-01-14T12:00:00,75.97,10,1,106,12,0
2024-01-14T13:00:00,212.56,1,1,2239,13,0
2024-01-14T14:00:00,67.87,1,1,299,14,0
2024-01-14T15:00:00,9.04,11,0,1507,15,0
2024-01-14T16:00:00,706.96,6,1,483,16,0
2024-01-14T17:00:00,29.94,5,0,1542,17,0
2024-01-14T18:00:00,424.64,7,1,161,18,0
2024-01-14T19:00:00,13.79,9,1,1212,19,0
2024-01-14T20:00:00,310.84,8,1,1697,20,0
2024-01-14T21:00:00,927.99,10,1,1306,21,0
2024-01-14T22:00:00,13.64,6,1,1797,22,0
2024-01-14T23:00:00,96.3,5,0,2079,23,0
2024-01-15T00:00:00,18.93,10,1,532,0,0
2024-01-15T01:00:00,38.81,8,1,951,1,0
2024-01-15T02:00:00,11.45,3,1,2165,2,0
2024-01-15T03:00:00,142.15,1,1,2051,3,0
2024-01-15T04:00:00,298.34,6,1,1756,4,0
2024-01-15T05:00:00,377.85,3,1,711,5,0
2024-01-15T06:00:00,26.4,5,1,36,6,0
2024-01-15T07:00:00,28.94,6,1,95,7,0
2024-01-15T08:00:00,175.14,10,1,785,8,0
2024-01-15T09:00:00,10.11,5,1,1686,9,0
2024-01-15T10:00:00,269.19,11,1,218,10,0
2024-01-15T11:00:00,713.26,6,1,2143,11,0
2024-01-15T12:00:00,103.87,1,1,2040,12,0
2024-01-15T13:00:00,25.49,3,1,1988,13,0
2024-01-15T14:00:00,319.1,9,1,2394,14,0
2024-01-15T15:00:00,36.92,8,1,648,15,0
2024-01-15T16:00:00,189.43,2,1,2095,16,0
2024-01-15T17:00:00,689.19,4,1,328,17,0
2024-01-15T18:00:00,331.12,3,1,1583,18,0
2024-01-15T19:00:00,313.11,7,0,1605,19,0
2024-01-15T20:00:00,191.96,7,1,1533,20,0
2024-01-15T21:00:00,951.81,6,1,2278,21,0
2024-01-15T22:00:00,14.08,10,1,1562,22,0
2024-01-15T23:00:00,175.25,12,1,1016,23,0
2024-01-16T00:00:00,12.58,12,1,2411,0,0
2024-01-16T01:00:00,141.43,10,1,2130,1,0
2024-01-16T02:00:00,159.43,1,0,1285,2,0
2024-01-16T03:00:00,29.16,1,1,1276,3,0
2024-01-16T04:00:00,398.69,5,1,2309,4,0
2024-01-16T05:00:00,59.43,9,1,2004,5,0
2024-01-16T06:00:00,317.31,1,1,1371,6,0
2024-01-16T07:00:00,588.72,5,1,1119,7,0
2024-01-16T08:00:00,67.58,2,1,272,8,0
2024-01-16T09:00:00,121.72,4,0,2041,9,0
2024-01-16T10:00:00,346.55,5,1,781,10,0
2024-01-16T11:00:00,53.16,10,1,1967,11,0
2024-01-16T12:00:00,739.28,7,1,1519,12,0
2024-01-16T13:00:00,125.46,1,1,2254,13,0
2024-01-16T14:00:00,366.8,5,1,1306,14,0
2024-01-16T15:00:00,37.2,2,0,741,15,0
2024-01-16T16:00:00,11.92,11,1,657,16,0
2024-01-16T17:00:00,382.35,9,1,451,17,0
2024-01-16T18:00:00,21.01,7,1,1384,18,0
2024-01-16T19:00:00,15.05,3,1,1894,19,0
2024-01-16T20:00:00,526.18,6,1,1648,20,0
2024-01-16T21:00:00,110.13,1,0,553,21,0
2024-01-16T22:00:00,197.44,4,1,2485,22,0
2024-01-16T23:00:00,290.56,10,0,2420,23,0
2024-01-17T00:00:00,575.77,3,1,1642,0,0
2024-01-17T01:00:00,31.33,9,1,424,1,0
2024-01-17T02:00:00,118.91,11,1,1320,2,0
2024-01-17T03:00:00,42.74,12,0,1694,3,0
2024-01-17T04:00:00,335.89,1,1,1406,4,0
2024-01-17T05:00:00,33.3,11,1,1807,5,0
2024-01-17T06:00:00,1008.74,8,1,1667,6,0
2024-01-17T07:00:00,233.63,3,0,1129,7,0
2024-01-17T08:00:00,311.07,8,1,406,8,0
2024-01-17T09:00:00,323.5,3,1,321,9,0
2024-01-17T10:00:00,29.28,5,1,1093,10,0
2024-01-17T11:00:00,44.66,3,1,884,11,0
2024-01-17T12:00:00,26.83,3,1,317,12,0
2024-01-17T13:00:00,68.83,9,1,1749,13,0
2024-01-17T14:00:00,722.65,2,1,500,14,0
2024-01-17T15:00:00,18.18,7,1,1236,15,0
2024-01-17T16:00:00,269.48,5,1,1183,16,0
2024-01-17T17:00:00,64.08,4,0,1423,17,0
2024-01-17T18:00:00,168.98,11,1,1466,18,0
2024-01-17T19:00:00,22.99,1,1,2479,19,0
2024-01-17T20:00:00,97.41,6,1,2416,20,0
2024-01-17T21:00:00,42.81,11,1,1548,21,0
2024-01-17T22:00:00,58.81,9,1,1649,22,0
2024-01-17T23:00:00,757.62,3,1,133,23,0
2024-01-18T00:00:00,31.43,5,1,669,0,0
2024-01-18T01:00:00,603.05,9,1,1259,1,0
2024-01-18T02:00:00,432.1,9,1,863,2,0
2024-01-18T03:00:00,509.11,11,1,1434,3,0
2024-01-18T04:00:00,17.18,2,1,2441,4,0
2024-01-18T05:00:00,326.24,7,1,1972,5,0
2024-01-18T06:00:00,374.67,9,1,1333,6,0
2024-01-18T07:00:00,391.35,12,1,1043,7,0
2024-01-18T08:00:00,24.88,1,1,802,8,0
2024-01-18T09:00:00,326.86,4,1,1126,9,0
2024-01-18T10:00:00,908.36,7,1,1938,10,0
2024-01-18T11:00:00,435.36,9,1,2075,11,0
2024-01-18T12:00:00,11.34,9,1,2,12,0
2024-01-18T13:00:00,59.06,3,1,2477,13,0
2024-01-18T14:00:00,125.57,12,1,1536,14,0
2024-01-18T15:00:00,224.3,10,1,1691,15,0
2024-01-18T16:00:00,10.48,7,1,573,16,0
2024-01-18T17:00:00,9.68,4,1,1991,17,0
2024-01-18T18:00:00,104.85,9,1,485,18,0
2024-01-18T19:00:00,98.23,9,1,1557,19,0
2024-01-18T20:00:00,10.55,11,0,2165,20,0
2024-01-18T21:00:00,269.67,11,1,267,21,0
2024-01-18T22:00:00,507.97,3,1,2434,22,0
2024-01-18T23:00:00,123.37,12,1,1757,23,0
2024-01-19T00:00:00,102.6,12,1,1482,0,0
2024-01-19T01:00:00,109.29,1,1,34,1,0
2024-01-19T02:00:00,19.76,2,1,965,2,0
2024-01-19T03:00:00,9.62,12,1,930,3,0
2024-01-19T04:00:00,10.28,8,1,1092,4,0
2024-01-19T05:00:00,296.08,3,0,2017,5,0
2024-01-19T06:00:00,101.78,5,1,1652,6,0
2024-01-19T07:00:00,9.7,1,1,506,7,0
2024-01-19T08:00:00,345.56,1,0,2280,8,0
2024-01-19T09:00:00,955.53,2,1,571,9,0
2024-01-19T10:00:00,119.43,11,1,2023,10,0
2024-01-19T11:00:00,11.75,1,1,57,11,0
2024-01-19T12:00:00,16.49,10,1,1655,12,0
2024-01-19T13:00:00,1094.87,7,1,1462,13,0
2024-01-19T14:00:00,10.42,6,1,521,14,0
2024-01-19T15:00:00,120.94,5,1,1050,15,0
2024-01-19T16:00:00,672.2,1,1,1690,16,0
2024-01-19T17:00:00,104.63,9,1,360,17,0
2024-01-19T18:00:00,212.65,9,1,1830,18,0
2024-01-19T19:00:00,63.19,10,1,250,19,0
2024-01-19T20:00:00,78.0,5,1,1327,20,0
2024-01-19T21:00:00,21.76,5,1,1641,21,0
2024-01-19T22:00:00,11.04,1,1,406,22,0
2024-01-19T23:00:00,346.7,5,1,1297,23,0
2024-01-20T00:00:00,357.01,12,1,416,0,0
2024-01-20T01:00:00,337.59,8,1,1789,1,0
2024-01-20T02:00:00,285.59,7,1,708,2,0
2024-01-20T03:00:00,69.55,4,1,608,3,0
2024-01-20T04:00:00,870.03,12,1,248,4,0
2024-01-20T05:00:00,685.52,10,1,1903,5,0
2024-01-20T06:00:00,72.74,7,1,985,6,0
2024-01-20T07:00:00,13.09,3,1,1088,7,0
2024-01-20T08:00:00,83.79,4,0,871,8,0
2024-01-20T09:00:00,79.2,8,1,1869,9,0
2024-01-20T10:00:00,100.78,4,1,1051,10,0
2024-01-20T11:00:00,998.79,11,1,1719,11,0
2024-01-20T12:00:00,64.79,5,1,896,12,0
2024-01-20T13:00:00,12.79,4,1,168,13,0
2024-01-20T14:00:00,11.58,1,1,662,14,0
2024-01-20T15:00:00,276.54,7,1,118,15,0
2024-01-20T16:00:00,35.54,4,1,1786,16,0
2024-01-20T17:00:00,286.55,1,1,913,17,0
2024-01-20T18:00:00,305.75,9,1,2056,18,0
2024-01-20T19:00:00,524.4,6,1,598,19,0
2024-01-20T20:00:00,294.06,5,1,2368,20,0
2024-01-20T21:00:00,699.08,6,1,550,21,0
2024-01-20T22:00:00,153.78,5,1,79,22,0
2024-01-20T23:00:00,15.29,10,1,1607,23,0
2024-01-21T00:00:00,781.23,5,1,1156,0,0
2024-01-21T01:00:00,30.08,8,1,474,1,0
2024-01-21T02:00:00,103.91,9,1,1753,2,0
2024-01-21T03:00:00,651.14,12,1,2314,3,0
2024-01-21T04:00:00,700.92,12,0,1018,4,0
2024-01-21T05:00:00,78.18,1,1,577,5,0
2024-01-21T06:00:00,31.2,6,1,412,6,0
2024-01-21T07:00:00,272.58,8,0,1195,7,0
2024-01-21T08:00:00,50.84,6,1,268,8,0
2024-01-21T09:00:00,13.9,8,1,2334,9,0
2024-01-21T10:00:00,428.26,3,1,77,10,0
2024-01-21T11:00:00,924.65,9,1,2461,11,0
2024-01-21T12:00:00,13.29,7,1,275,12,0
2024-01-21T13:00:00,113.27,10,1,680,13,0
2024-01-21T14:00:00,99.57,12,1,415,14,0
2024-01-21T15:00:00,36.72,7,1,71,15,0
2024-01-21T16:00:00,57.4,12,1,1530,16,0
2024-01-21T17:00:00,10.43,5,1,1888,17,0
2024-01-21T18:00:00,20.08,4,1,820,18,0
2024-01-21T19:00:00,28.09,10,1,1519,19,0
2024-01-21T20:00:00,675.5,8,1,1769,20,0
2024-01-21T21:00:00,17.35,7,1,1138,21,0
2024-01-21T22:00:00,35.0,8,1,1714,22,0
2024-01-21T23:00:00,25.47,11,1,365,23,0
2024-01-22T00:00:00,57.8,3,1,912,0,0
2024-01-22T01:00:00,57.96,4,1,2156,1,0
2024-01-22T02:00:00,14.36,3,1,2288,2,0
2024-01-22T03:00:00,194.19,2,1,1836,3,0
2024-01-22T04:00:00,54.23,6,1,1483,4,0
2024-01-22T05:00:00,26.88,7,1,1751,5,0
2024-01-22T06:00:00,86.85,11,1,2447,6,0
2024-01-22T07:00:00,357.8,6,1,1589,7,0
2024-01-22T08:00:00,29.94,12,1,1476,8,0
2024-01-22T09:00:00,576.22,11,1,1551,9,0
2024-01-22T10:00:00,413.13,8,1,761,10,0
2024-01-22T11:00:00,101.56,10,1,1595,11,0
2024-01-22T12:00:00,87.52,11,1,623,12,0
2024-01-22T13:00:00,165.51,10,1,1543,13,0
2024-01-22T14:00:00,100.49,6,1,210,14,0
2024-01-22T15:00:00,533.53,4,1,1155,15,0
2024-01-22T16:00:00,46.68,7,1,933,16,0
2024-01-22T17:00:00,537.76,8,1,1101,17,0
2024-01-22T18:00:00,164.04,11,1,872,18,0
2024-01-22T19:00:00,16.38,2,1,2112,19,0
2024-01-22T20:00:00,105.07,7,1,2158,20,0
2024-01-22T21:00:00,316.1,10,1,2397,21,0
2024-01-22T22:00:00,149.79,5,1,1014,22,0
2024-01-22T23:00:00,9.98,7,1,336,23,0
2024-01-23T00:00:00,49.91,2,1,2494,0,0
2024-01-23T01:00:00,422.65,7,1,1151,1,0
2024-01-23T02:00:00,75.3,6,1,1297,2,0
2024-01-23T03:00:00,137.86,6,1,1938,3,0
2024-01-23T04:00:00,262.25,12,1,1005,4,0
2024-01-23T05:00:00,236.03,11,1,2080,5,0
2024-01-23T06:00:00,176.55,5,1,2077,6,0
2024-01-23T07:00:00,18.55,11,0,1224,7,0
2024-01-23T08:00:00,215.08,4,1,2012,8,0
2024-01-23T09:00:00,251.91,6,1,2097,9,0
2024-01-23T10:00:00,16.33,11,1,1456,10,0
2024-01-23T11:00:00,229.38,12,0,1987,11,0
2024-01-23T12:00:00,48.55,6,1,644,12,0
2024-01-23T13:00:00,360.05,1,1,2167,13,0
2024-01-23T14:00:00,61.59,7,1,2154,14,0
2024-01-23T15:00:00,20.03,12,1,2384,15,0
2024-01-23T16:00:00,131.56,2,1,145,16,0
2024-01-23T17:00:00,223.31,1,1,578,17,0
2024-01-23T18:00:00,205.55,12,1,1622,18,0
2024-01-23T19:00:00,564.35,2,1,970,19,0
2024-01-23T20:00:00,114.8,8,1,325,20,0
2024-01-23T21:00:00,32.49,8,1,2438,21,0
2024-01-23T22:00:00,124.51,7,1,2481,22,0
2024-01-23T23:00:00,624.66,3,0,459,23,0
2024-01-24T00:00:00,130.35,7,1,2250,0,0
2024-01-24T01:00:00,28.77,9,1,1691,1,0
2024-01-24T02:00:00,80.81,7,1,867,2,0
2024-01-24T03:00:00,325.13,1,1,2056,3,0
2024-01-24T04:00:00,67.5,3,1,856,4,0
2024-01-24T05:00:00,117.3,2,1,1788,5,0
2024-01-24T06:00:00,429.4,1,1,1138,6,0
2024-01-24T07:00:00,67.69,10,1,1261,7,0
2024-01-24T08:00:00,113.88,10,1,347,8,0
2024-01-24T09:00:00,245.26,12,1,1173,9,0
2024-01-24T10:00:00,752.16,12,1,1283,10,0
2024-01-24T11:00:00,11.36,10,1,585,11,0
2024-01-24T12:00:00,305.79,11,1,2478,12,0
2024-01-24T13:00:00,635.63,1,1,1900,13,0
2024-01-24T14:00:00,110.61,5,1,954,14,0
2024-01-24T15:00:00,50.46,5,1,643,15,0
2024-01-24T16:00:00,54.0,4,1,1381,16,0
2024-01-24T17:00:00,276.68,11,0,1819,17,0
2024-01-24T18:00:00,26.25,6,1,1750,18,0
2024-01-24T19:00:00,55.42,4,1,38,19,0
2024-01-24T20:00:00,142.84,10,0,1888,20,0
2024-01-24T21:00:00,10.62,6,1,1214,21,0
2024-01-24T22:00:00,74.49,9,1,901,22,0
2024-01-24T23:00:00,11.0,6,1,1579,23,0
2024-01-25T00:00:00,76.2,2,1,1897,0,0
2024-01-25T01:00:00,607.02,1,1,2365,1,0
2024-01-25T02:00:00,87.49,6,1,2239,2,0
2024-01-25T03:00:00,261.73,2,1,2361,3,0
2024-01-25T04:00:00,19.2,5,1,207,4,0
2024-01-25T05:00:00,528.97,12,0,565,5,0
2024-01-25T06:00:00,20.63,5,1,1068,6,0
2024-01-25T07:00:00,64.32,12,1,2436,7,0
2024-01-25T08:00:00,177.07,11,1,1502,8,0
2024-01-25T09:00:00,32.85,11,1,2062,9,0
2024-01-25T10:00:00,135.28,12,0,1118,10,0
2024-01-25T11:00:00,312.88,12,1,1394,11,0
2024-01-25T12:00:00,112.41,5,1,49,12,0
2024-01-25T13:00:00,11.36,3,1,176,13,0
2024-01-25T14:00:00,143.56,10,1,995,14,0
2024-01-25T15:00:00,822.88,7,1,930,15,0
2024-01-25T16:00:00,26.01,11,1,2174,16,0
2024-01-25T17:00:00,13.91,6,1,1236,17,0
2024-01-25T18:00:00,603.55,10,1,1650,18,0
2024-01-25T19:00:00,51.82,11,1,625,19,0
2024-01-25T20:00:00,39.96,4,1,2327,20,0
2024-01-25T21:00:00,10.99,1,1,534,21,0
2024-01-25T22:00:00,362.91,6,1,58,22,0
2024-01-25T23:00:00,126.45,10,1,1113,23,0
2024-01-26T00:00:00,119.88,6,1,41,0,0
2024-01-26T01:00:00,614.24,11,1,1427,1,0
2024-01-26T02:00:00,20.25,7,1,850,2,0
2024-01-26T03:00:00,154.82,8,1,2047,3,0
2024-01-26T04:00:00,159.77,7,1,950,4,0
2024-01-26T05:00:00,15.3,1,1,480,5,0
2024-01-26T06:00:00,471.19,10,1,604,6,0
2024-01-26T07:00:00,27.86,7,1,953,7,0
2024-01-26T08:00:00,414.09,12,1,260,8,0
2024-01-26T09:00:00,321.48,8,1,445,9,0
2024-01-26T10:00:00,951.85,7,1,902,10,0
2024-01-26T11:00:00,66.34,5,1,611,11,0
2024-01-26T12:00:00,83.51,1,1,1662,12,0
2024-01-26T13:00:00,37.13,12,1,1467,13,0
2024-01-26T14:00:00,87.09,10,1,2454,14,0
2024-01-26T15:00:00,15.28,3,1,1507,15,0
2024-01-26T16:00:00,570.48,3,1,408,16,0
2024-01-26T17:00:00,33.72,8,1,1097,17,0
2024-01-26T18:00:00,966.76,5,1,929,18,0
2024-01-26T19:00:00,36.07,8,0,562,19,0
2024-01-26T20:00:00,9.43,1,1,431,20,0
2024-01-26T21:00:00,13.84,4,1,1635,21,0
2024-01-26T22:00:00,51.09,7,1,1982,22,0
2024-01-26T23:00:00,72.6,10,1,1445,23,0
2024-01-27T00:00:00,536.48,7,1,129,0,0
2024-01-27T01:00:00,35.48,4,1,997,1,0
2024-01-27T02:00:00,106.1,4,1,1033,2,0
2024-01-27T03:00:00,32.03,11,1,2061,3,0
2024-01-27T04:00:00,14.12,2,1,87,4,0
2024-01-27T05:00:00,385.36,9,1,1247,5,0
2024-01-27T06:00:00,337.87,12,1,381,6,0
2024-01-27T07:00:00,441.39,4,1,1884,7,0
2024-01-27T08:00:00,109.83,5,1,2254,8,0
2024-01-27T09:00:00,664.67,3,1,2412,9,0
2024-01-27T10:00:00,678.43,10,1,2181,10,0
2024-01-27T11:00:00,196.47,5,1,1574,11,0
2024-01-27T12:00:00,107.63,8,1,532,12,0
2024-01-27T13:00:00,20.37,4,0,1165,13,0
2024-01-27T14:00:00,398.98,3,1,2231,14,0
2024-01-27T15:00:00,11.19,3,1,78,15,0
2024-01-27T16:00:00,610.11,8,1,1892,16,0
2024-01-27T17:00:00,118.91,2,1,1041,17,0
2024-01-27T18:00:00,35.47,1,0,173,18,0
2024-01-27T19:00:00,1021.28,7,1,1317,19,0
2024-01-27T20:00:00,11.23,6,1,838,20,0
2024-01-27T21:00:00,11.82,12,1,628,21,0
2024-01-27T22:00:00,212.28,11,1,1139,22,0
2024-01-27T23:00:00,484.76,11,0,125,23,0
2024-01-28T00:00:00,1004.83,3,1,1128,0,0
2024-01-28T01:00:00,165.07,11,1,1797,1,0
2024-01-28T02:00:00,61.72,2,1,1937,2,0
2024-01-28T03:00:00,10.01,8,1,1017,3,0
2024-01-28T04:00:00,121.07,3,1,2405,4,0
2024-01-28T05:00:00,13.45,7,1,1384,5,0
2024-01-28T06:00:00,92.6,2,1,1489,6,0
2024-01-28T07:00:00,194.52,2,1,425,7,0
2024-01-28T08:00:00,83.5,12,1,62,8,0
2024-01-28T09:00:00,1014.97,1,1,2061,9,0
2024-01-28T10:00:00,14.45,9,1,592,10,0
2024-01-28T11:00:00,112.31,4,1,1248,11,0
2024-01-28T12:00:00,892.53,6,0,1139,12,0
2024-01-28T13:00:00,12.32,10,1,1313,13,0
2024-01-28T14:00:00,50.93,3,1,1613,14,0
2024-01-28T15:00:00,583.78,8,1,2311,15,0
2024-01-28T16:00:00,11.63,9,1,243,16,0
2024-01-28T17:00:00,243.27,9,1,2309,17,0
2024-01-28T18:00:00,33.06,8,1,2490,18,0
2024-01-28T19:00:00,13.59,3,1,2344,19,0
2024-01-28T20:00:00,14.85,9,1,2490,20,0
2024-01-28T21:00:00,745.77,5,1,996,21,0
2024-01-28T22:00:00,195.4,11,1,992,22,0
2024-01-28T23:00:00,77.19,7,1,2210,23,0
2024-02-01T00:00:00,15.69,10,1,1083,0,0
2024-02-01T01:00:00,89.01,2,1,1063,1,0
2024-02-01T02:00:00,20.64,6,1,1574,2,0
2024-02-01T03:00:00,32.54,10,1,65,3,0
2024-02-01T04:00:00,16.16,12,1,229,4,0
2024-02-01T05:00:00,17.66,11,1,213,5,0
2024-02-01T06:00:00,78.16,8,1,391,6,0
2024-02-01T07:00:00,20.0,12,1,1428,7,0
2024-02-01T08:00:00,623.06,9,1,237,8,0
2024-02-01T09:00:00,169.87,9,1,543,9,0
2024-02-01T10:00:00,70.85,6,1,1743,10,0
2024-02-01T11:00:00,120.42,6,1,1913,11,0
2024-02-01T12:00:00,36.43,9,1,2194,12,0
2024-02-01T13:00:00,167.85,8,1,1581,13,0
2024-02-01T14:00:00,1014.76,2,1,1389,14,0
2024-02-01T15:00:00,234.13,7,1,2203,15,0
2024-02-01T16:00:00,320.65,8,1,1127,16,0
2024-02-01T17:00:00,101.68,11,1,1220,17,0
2024-02-01T18:00:00,672.09,5,1,1206,18,0
2024-02-01T19:00:00,77.29,11,1,1640,19,0
2024-02-01T20:00:00,124.77,6,1,1761,20,0
2024-02-01T21:00:00,250.63,8,1,349,21,0
2024-02-01T22:00:00,20.25,2,1,692,22,0
2024-02-01T23:00:00,148.66,9,1,1790,23,0
2024-02-02T00:00:00,239.25,1,1,1636,0,0
2024-02-02T01:00:00,839.02,1,1,1088,1,0
2024-02-02T02:00:00,15.29,5,1,1848,2,0
2024-02-02T03:00:00,37.29,9,1,1749,3,0
2024-02-02T04:00:00,92.22,1,1,540,4,0
2024-02-02T05:00:00,16.06,2,1,2326,5,0
2024-02-02T06:00:00,39.9,9,1,2289,6,0
2024-02-02T07:00:00,232.32,3,0,1352,7,0
2024-02-02T08:00:00,155.16,6,1,1349,8,0
2024-02-02T09:00:00,229.13,12,1,2381,9,0
2024-02-02T10:00:00,414.02,10,1,1327,10,0
2024-02-02T11:00:00,12.56,7,1,1976,11,0
2024-02-02T12:00:00,634.19,4,1,262,12,0
2024-02-02T13:00:00,17.67,3,1,195,13,0
2024-02-02T14:00:00,509.8,6,1,1610,14,0
2024-02-02T15:00:00,676.29,5,1,1765,15,0
2024-02-02T16:00:00,15.07,5,1,108,16,0
2024-02-02T17:00:00,20.68,12,1,795,17,0
2024-02-02T18:00:00,10.29,6,1,2084,18,0
2024-02-02T19:00:00,48.47,7,1,1881,19,0
2024-02-02T20:00:00,28.19,8,1,481,20,0
2024-02-02T21:00:00,65.62,5,1,1042,21,0
2024-02-02T22:00:00,25.47,9,1,525,22,0
2024-02-02T23:00:00,186.91,7,1,1445,23,0
2024-02-03T00:00:00,11.2,6,1,1476,0,0
2024-02-03T01:00:00,11.17,10,1,1455,1,0
2024-02-03T02:00:00,32.13,12,1,838,2,0
2024-02-03T03:00:00,18.08,9,1,1228,3,0
2024-02-03T04:00:00,161.23,1,1,1112,4,0
2024-02-03T05:00:00,312.6,6,1,123,5,0
2024-02-03T06:00:00,141.11,9,1,1767,6,0
2024-02-03T07:00:00,25.16,3,1,1727,7,0
2024-02-03T08:00:00,472.73,12,1,598,8,0
2024-02-03T09:00:00,11.47,9,1,116,9,0
2024-02-03T10:00:00,62.65,3,1,111,10,0
2024-02-03T11:00:00,10.24,8,1,2335,11,0
2024-02-03T12:00:00,17.5,11,1,19,12,0
2024-02-03T13:00:00,15.74,7,1,349,13,0
2024-02-03T14:00:00,64.3,9,1,1509,14,0
2024-02-03T15:00:00,481.21,10,1,728,15,0
2024-02-03T16:00:00,90.81,8,1,316,16,0
2024-02-03T17:00:00,112.07,1,1,1535,17,0
2024-02-03T18:00:00,312.93,6,1,904,18,0
2024-02-03T19:00:00,609.83,4,0,1989,19,0
2024-02-03T20:00:00,117.22,1,1,590,20,0
2024-02-03T21:00:00,62.19,9,0,1429,21,0
2024-02-03T22:00:00,1083.13,4,1,2175,22,0
2024-02-03T23:00:00,24.06,2,0,1544,23,0
2024-02-04T00:00:00,12.07,11,1,1572,0,0
2024-02-04T01:00:00,40.34,11,1,2432,1,0
2024-02-04T02:00:00,273.72,6,0,1516,2,0
2024-02-04T03:00:00,27.22,5,1,706,3,0
2024-02-04T04:00:00,116.71,1,1,1313,4,0
2024-02-04T05:00:00,12.88,7,1,1490,5,0
2024-02-04T06:00:00,351.2,4,1,1340,6,0
2024-02-04T07:00:00,33.19,9,1,1480,7,0
2024-02-04T08:00:00,581.8,4,1,317,8,0
2024-02-04T09:00:00,744.32,6,1,713,9,0
2024-02-04T10:00:00,21.69,2,1,1273,10,0
2024-02-04T11:00:00,423.79,11,1,1308,11,0
2024-02-04T12:00:00,331.0,2,1,1996,12,0
2024-02-04T13:00:00,12.19,1,1,2347,13,0
2024-02-04T14:00:00,9.7,8,1,2343,14,0
2024-02-04T15:00:00,154.87,9,1,1054,15,0
2024-02-04T16:00:00,298.53,2,1,1992,16,0
2024-02-04T17:00:00,18.91,5,1,997,17,0
2024-02-04T18:00:00,22.55,10,1,1962,18,0
2024-02-04T19:00:00,477.34,5,1,2317,19,0
2024-02-04T20:00:00,159.12,10,1,2312,20,0
2024-02-04T21:00:00,18.51,6,1,1774,21,0
2024-02-04T22:00:00,56.83,4,1,1741,22,0
2024-02-04T23:00:00,165.12,12,1,2315,23,0
2024-02-05T00:00:00,664.43,10,1,1819,0,0
2024-02-05T01:00:00,841.24,7,1,1909,1,0
2024-02-05T02:00:00,22.77,3,1,380,2,0
2024-02-05T03:00:00,583.75,10,1,399,3,0
2024-02-05T04:00:00,89.75,8,1,1705,4,0
2024-02-05T05:00:00,23.49,5,0,149,5,0
2024-02-05T06:00:00,325.76,5,0,2345,6,0
2024-02-05T07:00:00,22.63,2,1,100,7,0
2024-02-05T08:00:00,34.37,10,1,2432,8,0
2024-02-05T09:00:00,166.18,2,1,1880,9,0
2024-02-05T10:00:00,570.54,7,0,1745,10,0
2024-02-05T11:00:00,143.68,1,1,1338,11,0
2024-02-05T12:00:00,16.88,4,1,649,12,0
2024-02-05T13:00:00,325.36,11,1,1621,13,0
2024-02-05T14:00:00,22.21,11,1,381,14,0
2024-02-05T15:00:00,94.38,7,1,708,15,0
2024-02-05T16:00:00,24.81,4,0,1502,16,0
2024-02-05T17:00:00,19.53,1,1,1883,17,0
2024-02-05T18:00:00,48.08,6,1,718,18,0
2024-02-05T19:00:00,87.14,10,0,1823,19,0
2024-02-05T20:00:00,59.14,12,1,436,20,0
2024-02-05T21:00:00,27.35,8,1,386,21,0
2024-02-05T22:00:00,1029.9,1,1,631,22,0
2024-02-05T23:00:00,53.71,3,1,227,23,0
2024-02-06T00:00:00,154.97,3,1,51,0,0
2024-02-06T01:00:00,28.89,5,1,1766,1,0
2024-02-06T02:00:00,18.76,5,1,928,2,0
2024-02-06T03:00:00,105.58,8,1,1311,3,0
2024-02-06T04:00:00,32.72,4,1,1507,4,0
2024-02-06T05:00:00,102.37,7,1,475,5,0
2024-02-06T06:00:00,31.04,5,1,1054,6,0
2024-02-06T07:00:00,98.54,1,1,1698,7,0
2024-02-06T08:00:00,9.52,11,1,2497,8,0
2024-02-06T09:00:00,24.3,11,1,709,9,0
2024-02-06T10:00:00,190.89,11,1,124,10,0
2024-02-06T11:00:00,17.86,8,1,531,11,0
2024-02-06T12:00:00,21.22,3,1,1058,12,0
2024-02-06T13:00:00,142.99,11,1,2437,13,0
2024-02-06T14:00:00,24.45,5,1,1151,14,0
2024-02-06T15:00:00,9.29,8,0,2098,15,0
2024-02-06T16:00:00,47.39,1,1,2129,16,0
2024-02-06T17:00:00,28.81,2,1,2380,17,0
2024-02-06T18:00:00,510.34,8,1,129,18,0
2024-02-06T19:00:00,77.93,6,0,405,19,0
2024-02-06T20:00:00,120.34,4,1,1763,20,0
2024-02-06T21:00:00,13.68,12,1,1263,21,0
2024-02-06T22:00:00,130.73,6,1,1825,22,0
2024-02-06T23:00:00,9.64,4,1,1570,23,0
2024-02-07T00:00:00,49.45,10,1,968,0,0
2024-02-07T01:00:00,900.51,12,1,1034,1,0
2024-02-07T02:00:00,1057.53,8,1,987,2,0
2024-02-07T03:00:00,792.22,2,1,673,3,0
2024-02-07T04:00:00,82.17,9,1,2352,4,0
2024-02-07T05:00:00,65.24,10,1,1432,5,0
2024-02-07T06:00:00,32.44,9,1,655,6,0
2024-02-07T07:00:00,20.43,8,1,2284,7,0
2024-02-07T08:00:00,21.15,8,1,2350,8,0
2024-02-07T09:00:00,125.55,4,1,1375,9,0
2024-02-07T10:00:00,165.46,5,1,2219,10,0
2024-02-07T11:00:00,57.62,7,1,181,11,0
2024-02-07T12:00:00,261.06,12,1,917,12,0
2024-02-07T13:00:00,40.95,2,1,895,13,0
2024-02-07T14:00:00,28.57,4,1,912,14,0
2024-02-07T15:00:00,68.5,1,1,1425,15,0
2024-02-07T16:00:00,10.49,9,1,243,16,0
2024-02-07T17:00:00,296.95,3,1,1788,17,0
2024-02-07T18:00:00,34.61,9,1,219,18,0
2024-02-07T19:00:00,13.15,3,1,706,19,0
2024-02-07T20:00:00,32.06,3,1,499,20,0
2024-02-07T21:00:00,928.22,4,1,778,21,0
2024-02-07T22:00:00,698.48,9,1,1069,22,0
2024-02-07T23:00:00,115.8,8,1,1991,23,0
2024-02-08T00:00:00,468.07,2,1,2491,0,0
2024-02-08T01:00:00,608.23,1,1,430,1,0
2024-02-08T02:00:00,15.61,7,1,1738,2,0
2024-02-08T03:00:00,188.43,6,1,1312,3,0
2024-02-08T04:00:00,276.86,11,1,1784,4,0
2024-02-08T05:00:00,78.35,2,0,1585,5,0
2024-02-08T06:00:00,10.03,12,1,1528,6,0
2024-02-08T07:00:00,737.65,10,1,376,7,0
2024-02-08T08:00:00,717.36,10,0,639,8,0
2024-02-08T09:00:00,455.94,11,0,933,9,0
2024-02-08T10:00:00,26.41,1,1,370,10,0
2024-02-08T11:00:00,659.68,10,1,880,11,0
2024-02-08T12:00:00,181.1,7,1,1617,12,0
2024-02-08T13:00:00,10.41,5,1,550,13,0
2024-02-08T14:00:00,13.05,4,1,909,14,0
2024-02-08T15:00:00,160.29,1,1,613,15,0
2024-02-08T16:00:00,725.78,12,1,1194,16,0
2024-02-08T17:00:00,43.03,1,1,1429,17,0
2024-02-08T18:00:00,11.74,11,1,2255,18,0
2024-02-08T19:00:00,751.1,6,1,767,19,0
2024-02-08T20:00:00,207.27,7,0,1315,20,0
2024-02-08T21:00:00,10.5,9,0,699,21,0
2024-02-08T22:00:00,561.36,2,1,2394,22,0
2024-02-08T23:00:00,10.25,3,0,1905,23,0
2024-02-09T00:00:00,225.35,4,0,443,0,0
2024-02-09T01:00:00,346.23,4,1,1924,1,0
2024-02-09T02:00:00,920.54,6,0,530,2,0
2024-02-09T03:00:00,255.2,1,1,218,3,0
2024-02-09T04:00:00,22.82,3,1,1374,4,0
2024-02-09T05:00:00,12.94,9,1,1399,5,0
2024-02-09T06:00:00,887.43,6,1,2410,6,0
2024-02-09T07:00:00,22.47,4,1,2119,7,0
2024-02-09T08:00:00,219.03,10,1,622,8,0
2024-02-09T09:00:00,165.31,2,1,266,9,0
2024-02-09T10:00:00,96.61,4,0,1165,10,0
2024-02-09T11:00:00,579.15,11,1,330,11,0
2024-02-09T12:00:00,241.66,2,0,2231,12,0
2024-02-09T13:00:00,138.98,6,1,815,13,0
2024-02-09T14:00:00,208.36,8,1,887,14,0
2024-02-09T15:00:00,687.36,2,1,1580,15,0
2024-02-09T16:00:00,183.5,10,1,1514,16,0
2024-02-09T17:00:00,767.31,9,1,603,17,0
2024-02-09T18:00:00,24.92,4,1,1796,18,0
2024-02-09T19:00:00,251.78,6,1,1751,19,0
2024-02-09T20:00:00,44.37,1,1,249,20,0
2024-02-09T21:00:00,59.59,3,1,2405,21,0
2024-02-09T22:00:00,21.9,4,1,1963,22,0
2024-02-09T23:00:00,12.91,6,1,377,23,0
2024-02-10T00:00:00,156.12,4,1,660,0,0
2024-02-10T01:00:00,36.37,1,1,1214,1,0
2024-02-10T02:00:00,225.21,2,1,116,2,0
2024-02-10T03:00:00,979.95,3,1,2083,3,0
2024-02-10T04:00:00,15.64,4,1,1677,4,0
2024-02-10T05:00:00,359.37,4,1,2052,5,0
2024-02-10T06:00:00,11.01,3,1,1228,6,0
2024-02-10T07:00:00,12.97,12,1,513,7,0
2024-02-10T08:00:00,119.92,7,1,1683,8,0
2024-02-10T09:00:00,17.55,3,1,1115,9,0
2024-02-10T10:00:00,156.22,12,1,2043,10,0
2024-02-10T11:00:00,48.36,8,1,996,11,0
2024-02-10T12:00:00,48.88,12,1,2008,12,0
2024-02-10T13:00:00,301.4,4,1,2167,13,0
2024-02-10T14:00:00,337.67,4,1,1929,14,0
2024-02-10T15:00:00,568.35,12,1,1610,15,0
2024-02-10T16:00:00,77.19,8,1,397,16,0
2024-02-10T17:00:00,717.48,12,1,1122,17,1
2024-02-10T18:00:00,53.92,3,1,1697,18,0
2024-02-10T19:00:00,14.86,11,1,149,19,0
2024-02-10T20:00:00,246.04,10,1,1742,20,0
2024-02-10T21:00:00,76.34,11,1,2224,21,0
2024-02-10T22:00:00,11.8,4,0,2344,22,0
2024-02-10T23:00:00,917.05,3,1,1141,23,0
2024-02-11T00:00:00,85.26,2,1,973,0,0
2024-02-11T01:00:00,26.01,7,1,96,1,0
2024-02-11T02:00:00,44.39,4,1,689,2,0
2024-02-11T03:00:00,10.73,12,1,1386,3,0
2024-02-11T04:00:00,683.76,7,0,1687,4,0
2024-02-11T05:00:00,15.44,4,1,819,5,0
2024-02-11T06:00:00,496.6,4,1,1005,6,0
2024-02-11T07:00:00,9.37,8,0,1481,7,0
2024-02-11T08:00:00,258.46,9,1,2076,8,0
2024-02-11T09:00:00,74.65,9,0,230,9,0
2024-02-11T10:00:00,41.82,10,1,2291,10,0
2024-02-11T11:00:00,36.97,12,1,670,11,0
2024-02-11T12:00:00,345.22,11,1,669,12,0
2024-02-11T13:00:00,139.0,3,1,2055,13,0
2024-02-11T14:00:00,12.22,12,1,1398,14,0
2024-02-11T15:00:00,34.74,7,1,707,15,0
2024-02-11T16:00:00,70.78,3,1,815,16,0
2024-02-11T17:00:00,662.59,5,1,1907,17,0
2024-02-11T18:00:00,350.8,2,1,180,18,0
2024-02-11T19:00:00,47.3,6,1,893,19,0
2024-02-11T20:00:00,14.44,6,1,2475,20,0
2024-02-11T21:00:00,766.43,6,1,1970,21,0
2024-02-11T22:00:00,232.49,3,1,1606,22,0
2024-02-11T23:00:00,104.54,6,1,1185,23,0
2024-02-12T00:00:00,37.94,8,1,2335,0,0
2024-02-12T01:00:00,402.61,9,1,1960,1,0
2024-02-12T02:00:00,980.65,11,1,305,2,0
2024-02-12T03:00:00,279.27,5,1,2409,3,0
2024-02-12T04:00:00,965.18,3,1,2393,4,0
2024-02-12T05:00:00,397.09,1,1,1812,5,0
2024-02-12T06:00:00,41.26,9,1,1272,6,0
2024-02-12T07:00:00,268.11,11,1,859,7,0
2024-02-12T08:00:00,766.86,6,1,1981,8,0
2024-02-12T09:00:00,115.84,7,1,2114,9,0
2024-02-12T10:00:00,81.08,9,1,351,10,0
2024-02-12T11:00:00,29.02,10,1,1810,11,0
2024-02-12T12:00:00,287.63,2,1,9,12,0
2024-02-12T13:00:00,246.96,7,1,1885,13,0
2024-02-12T14:00:00,42.35,7,1,237,14,0
2024-02-12T15:00:00,424.42,6,1,506,15,0
2024-02-12T16:00:00,47.7,12,1,1253,16,0
2024-02-12T17:00:00,35.87,2,0,309,17,0
2024-02-12T18:00:00,337.61,1,1,1554,18,0
2024-02-12T19:00:00,521.04,2,1,1602,19,0
2024-02-12T20:00:00,65.97,9,1,1008,20,0
2024-02-12T21:00:00,223.49,12,1,1667,21,0
2024-02-12T22:00:00,12.38,1,1,1305,22,0
2024-02-12T23:00:00,214.04,3,1,1637,23,0
2024-02-13T00:00:00,24.4,2,1,2311,0,0
2024-02-13T01:00:00,700.77,5,1,1737,1,0
2024-02-13T02:00:00,510.62,9,1,1463,2,0
2024-02-13T03:00:00,35.71,3,0,622,3,0
2024-02-13T04:00:00,84.42,12,1,1976,4,0
2024-02-13T05:00:00,788.38,4,1,1647,5,0
2024-02-13T06:00:00,233.86,7,1,589,6,0
2024-02-13T07:00:00,39.72,12,1,1354,7,0
2024-02-13T08:00:00,10.56,11,0,1057,8,0
2024-02-13T09:00:00,46.07,2,1,1078,9,0
2024-02-13T10:00:00,412.87,5,1,517,10,0
2024-02-13T11:00:00,17.76,12,1,1726,11,0
2024-02-13T12:00:00,961.39,6,1,705,12,0
2024-02-13T13:00:00,15.23,3,1,2218,13,0
2024-02-13T14:00:00,257.81,7,1,864,14,0
2024-02-13T15:00:00,157.08,4,0,1612,15,0
2024-02-13T16:00:00,448.92,4,1,1016,16,0
2024-02-13T17:00:00,10.81,7,1,2138,17,0
2024-02-13T18:00:00,38.22,6,0,1556,18,0
2024-02-13T19:00:00,139.64,5,1,932,19,0
2024-02-13T20:00:00,432.64,11,1,1111,20,0
2024-02-13T21:00:00,292.46,11,1,2399,21,0
2024-02-13T22:00:00,52.14,8,1,290,22,0
2024-02-13T23:00:00,36.49,2,1,1065,23,0
2024-02-14T00:00:00,194.23,7,1,2377,0,0
2024-02-14T01:00:00,53.14,11,1,2015,1,0
2024-02-14T02:00:00,546.6,9,1,1725,2,0
2024-02-14T03:00:00,23.53,3,1,1250,3,0
2024-02-14T04:00:00,70.37,2,1,1527,4,0
2024-02-14T05:00:00,27.42,12,1,715,5,0
2024-02-14T06:00:00,336.09,4,1,23,6,0
2024-02-14T07:00:00,9.33,1,1,2356,7,0
2024-02-14T08:00:00,77.23,7,1,1426,8,0
2024-02-14T09:00:00,121.64,12,1,2297,9,0
2024-02-14T10:00:00,209.94,11,1,1431,10,0
2024-02-14T11:00:00,264.89,5,1,1668,11,0
2024-02-14T12:00:00,86.84,11,0,845,12,0
2024-02-14T13:00:00,27.42,2,1,1611,13,0
2024-02-14T14:00:00,269.1,4,0,396,14,0
2024-02-14T15:00:00,237.97,7,1,151,15,0
2024-02-14T16:00:00,152.72,8,1,1706,16,0
2024-02-14T17:00:00,224.27,2,1,2327,17,0
2024-02-14T18:00:00,11.71,11,1,2338,18,0
2024-02-14T19:00:00,16.3,8,1,1056,19,0
2024-02-14T20:00:00,129.85,12,1,687,20,0
2024-02-14T21:00:00,9.75,11,1,1229,21,0
2024-02-14T22:00:00,67.25,3,0,1078,22,0
2024-02-14T23:00:00,75.09,4,0,806,23,0
2024-02-15T00:00:00,705.93,11,1,110,0,1
2024-02-15T01:00:00,478.07,8,1,896,1,0
2024-02-15T02:00:00,53.36,2,1,1814,2,0
2024-02-15T03:00:00,65.33,11,1,2167,3,0
2024-02-15T04:00:00,99.12,9,1,2258,4,0
2024-02-15T05:00:00,608.26,2,1,1396,5,0
2024-02-15T06:00:00,142.21,2,1,2230,6,0
2024-02-15T07:00:00,62.25,1,1,1706,7,0
2024-02-15T08:00:00,259.54,8,1,1361,8,0
2024-02-15T09:00:00,447.96,9,1,2023,9,0
2024-02-15T10:00:00,714.22,6,1,2043,10,0
2024-02-15T11:00:00,609.29,11,1,1079,11,0
2024-02-15T12:00:00,73.06,6,1,1128,12,0
2024-02-15T13:00:00,568.69,4,1,1673,13,0
2024-02-15T14:00:00,239.59,8,1,685,14,0
2024-02-15T15:00:00,546.84,12,1,2327,15,0
2024-02-15T16:00:00,16.99,12,1,1107,16,0
2024-02-15T17:00:00,19.41,2,1,22,17,0
2024-02-15T18:00:00,217.01,5,1,831,18,0
2024-02-15T19:00:00,873.42,12,1,566,19,0
2024-02-15T20:00:00,266.21,10,1,1187,20,0
2024-02-15T21:00:00,30.14,1,1,1475,21,0
2024-02-15T22:00:00,74.23,10,1,854,22,0
2024-02-15T23:00:00,845.13,3,1,252,23,0
2024-02-16T00:00:00,14.64,2,1,2319,0,0
2024-02-16T01:00:00,114.79,8,1,1670,1,0
2024-02-16T02:00:00,44.52,3,1,1560,2,0
2024-02-16T03:00:00,37.61,10,1,1939,3,0
2024-02-16T04:00:00,27.08,4,1,316,4,0
2024-02-16T05:00:00,377.02,10,1,1421,5,0
2024-02-16T06:00:00,78.55,2,1,1847,6,0
2024-02-16T07:00:00,212.53,3,0,2005,7,0
2024-02-16T08:00:00,10.38,10,1,677,8,0
2024-02-16T09:00:00,9.95,1,1,299,9,0
2024-02-16T10:00:00,123.23,2,1,1645,10,0
2024-02-16T11:00:00,30.18,2,1,1594,11,0
2024-02-16T12:00:00,11.53,10,1,2107,12,0
2024-02-16T13:00:00,177.14,11,1,144,13,0
2024-02-16T14:00:00,48.19,4,1,1562,14,0
2024-02-16T15:00:00,535.81,8,1,2388,15,0
2024-02-16T16:00:00,327.0,11,1,1343,16,0
2024-02-16T17:00:00,1006.01,9,1,439,17,0
2024-02-16T18:00:00,24.19,6,1,254,18,0
2024-02-16T19:00:00,687.27,3,1,517,19,0
2024-02-16T20:00:00,533.67,12,1,697,20,0
2024-02-16T21:00:00,1089.29,10,1,2027,21,0
2024-02-16T22:00:00,145.2,12,1,1450,22,0
2024-02-16T23:00:00,531.33,12,1,935,23,0
2024-02-17T00:00:00,66.57,9,1,1806,0,0
2024-02-17T01:00:00,30.08,3,1,1737,1,0
2024-02-17T02:00:00,211.32,9,1,1473,2,0
2024-02-17T03:00:00,36.82,12,1,2384,3,0
2024-02-17T04:00:00,16.18,4,1,1554,4,0
2024-02-17T05:00:00,29.32,5,0,2373,5,0
2024-02-17T06:00:00,508.63,9,1,195,6,0
2024-02-17T07:00:00,150.62,3,0,1609,7,0
2024-02-17T08:00:00,13.61,8,1,754,8,0
2024-02-17T09:00:00,73.16,6,1,1056,9,0
2024-02-17T10:00:00,34.84,9,1,949,10,0
2024-02-17T11:00:00,33.14,6,1,116,11,0
2024-02-17T12:00:00,15.71,9,1,1888,12,0
2024-02-17T13:00:00,494.73,6,1,51,13,0
2024-02-17T14:00:00,18.46,12,1,1783,14,0
2024-02-17T15:00:00,9.47,4,1,2160,15,0
2024-02-17T16:00:00,49.96,1,1,1334,16,0
2024-02-17T17:00:00,770.12,7,1,245,17,0
2024-02-17T18:00:00,40.01,10,1,1203,18,0
2024-02-17T19:00:00,187.83,10,1,2256,19,0
2024-02-17T20:00:00,620.72,11,1,735,20,0
2024-02-17T21:00:00,114.76,1,1,160,21,0
2024-02-17T22:00:00,1000.79,11,1,1077,22,0
2024-02-17T23:00:00,64.6,4,1,1172,23,0
2024-02-18T00:00:00,345.29,10,1,279,0,0
2024-02-18T01:00:00,12.22,11,1,951,1,0
2024-02-18T02:00:00,33.61,7,1,2125,2,0
2024-02-18T03:00:00,83.67,12,1,509,3,0
2024-02-18T04:00:00,766.14,6,1,1964,4,0
2024-02-18T05:00:00,17.71,8,1,793,5,0
2024-02-18T06:00:00,458.07,2,1,1056,6,0
2024-02-18T07:00:00,67.26,1,1,1679,7,0
2024-02-18T08:00:00,62.32,11,1,1718,8,0
2024-02-18T09:00:00,9.61,5,0,1410,9,0
2024-02-18T10:00:00,614.32,4,1,1506,10,0
2024-02-18T11:00:00,30.16,4,1,1843,11,0
2024-02-18T12:00:00,731.07,12,1,1338,12,0
2024-02-18T13:00:00,13.3,12,1,1865,13,0
2024-02-18T14:00:00,91.68,11,1,779,14,0
2024-02-18T15:00:00,79.99,12,1,229,15,0
2024-02-18T16:00:00,39.91,1,1,1461,16,0
2024-02-18T17:00:00,52.25,1,1,1794,17,0
2024-02-18T18:00:00,41.72,10,1,696,18,0
2024-02-18T19:00:00,91.95,2,1,2306,19,0
2024-02-18T20:00:00,135.17,10,0,655,20,0
2024-02-18T21:00:00,10.05,7,1,1727,21,0
2024-02-18T22:00:00,47.38,7,1,1212,22,0
2024-02-18T23:00:00,476.69,6,1,549,23,0
2024-02-19T00:00:00,337.61,7,1,1538,0,0
2024-02-19T01:00:00,908.24,8,0,1898,1,0
2024-02-19T02:00:00,31.89,6,1,110,2,0
2024-02-19T03:00:00,11.2,5,1,1778,3,0
2024-02-19T04:00:00,13.57,11,1,1825,4,0
2024-02-19T05:00:00,184.06,3,1,2379,5,0
2024-02-19T06:00:00,43.63,9,1,1066,6,0
2024-02-19T07:00:00,185.34,3,1,122,7,0
2024-02-19T08:00:00,153.78,2,1,1605,8,0
2024-02-19T09:00:00,26.38,9,1,1104,9,0
2024-02-19T10:00:00,119.74,2,1,1785,10,0
2024-02-19T11:00:00,904.67,4,1,1963,11,0
2024-02-19T12:00:00,11.21,9,1,2290,12,0
2024-02-19T13:00:00,394.59,12,1,614,13,0
2024-02-19T14:00:00,64.13,8,0,1099,14,0
2024-02-19T15:00:00,358.28,6,1,1900,15,0
2024-02-19T16:00:00,133.25,6,1,604,16,0
2024-02-19T17:00:00,14.91,7,1,1205,17,0
2024-02-19T18:00:00,146.14,5,1,1978,18,0
2024-02-19T19:00:00,473.12,7,1,2475,19,0
2024-02-19T20:00:00,11.01,12,1,1719,20,0
2024-02-19T21:00:00,64.64,10,1,924,21,0
2024-02-19T22:00:00,463.59,3,1,1911,22,0
2024-02-19T23:00:00,17.46,12,1,406,23,0
2024-02-20T00:00:00,154.85,10,1,1355,0,0
2024-02-20T01:00:00,29.87,9,1,176,1,0
2024-02-20T02:00:00,850.39,9,1,381,2,0
2024-02-20T03:00:00,96.4,12,1,1153,3,0
2024-02-20T04:00:00,138.83,2,1,1131,4,0
2024-02-20T05:00:00,251.29,12,1,179,5,0
2024-02-20T06:00:00,528.18,8,1,548,6,0
2024-02-20T07:00:00,96.61,3,0,1117,7,0
2024-02-20T08:00:00,600.57,1,1,301,8,0
2024-02-20T09:00:00,142.75,6,1,1149,9,0
2024-02-20T10:00:00,104.48,10,1,1148,10,0
2024-02-20T11:00:00,53.84,2,1,953,11,0
2024-02-20T12:00:00,255.38,6,1,1650,12,0
2024-02-20T13:00:00,12.53,10,1,632,13,0
2024-02-20T14:00:00,472.28,7,1,1231,14,0
2024-02-20T15:00:00,354.54,6,1,1650,15,0
2024-02-20T16:00:00,322.68,2,1,690,16,0
2024-02-20T17:00:00,81.81,4,1,1480,17,0
2024-02-20T18:00:00,29.21,11,1,2111,18,0
2024-02-20T19:00:00,17.39,8,1,1882,19,0
2024-02-20T20:00:00,15.62,11,0,1900,20,0
2024-02-20T21:00:00,20.85,6,1,1403,21,0
2024-02-20T22:00:00,68.33,1,1,1524,22,0
2024-02-20T23:00:00,9.99,2,1,1846,23,0
2024-02-21T00:00:00,9.15,3,1,1879,0,0
2024-02-21T01:00:00,47.66,10,1,603,1,0
2024-02-21T02:00:00,26.35,3,1,1164,2,0
2024-02-21T03:00:00,17.93,10,1,356,3,0
2024-02-21T04:00:00,17.37,3,1,1809,4,0
2024-02-21T05:00:00,47.41,9,1,2001,5,0
2024-02-21T06:00:00,34.19,5,1,1183,6,0
2024-02-21T07:00:00,12.95,6,1,187,7,0
2024-02-21T08:00:00,70.05,4,1,482,8,0
2024-02-21T09:00:00,469.5,1,1,1904,9,0
2024-02-21T10:00:00,332.93,12,1,687,10,0
2024-02-21T11:00:00,335.7,11,1,2412,11,0
2024-02-21T12:00:00,61.78,1,1,1126,12,0
2024-02-21T13:00:00,186.17,12,1,2342,13,0
2024-02-21T14:00:00,11.31,12,1,2156,14,0
2024-02-21T15:00:00,164.14,1,1,2334,15,0
2024-02-21T16:00:00,68.97,6,1,2084,16,0
2024-02-21T17:00:00,698.53,9,1,806,17,0
2024-02-21T18:00:00,126.04,12,1,935,18,0
2024-02-21T19:00:00,84.77,3,1,201,19,0
2024-02-21T20:00:00,153.23,6,1,1290,20,0
2024-02-21T21:00:00,17.22,2,1,257,21,0
2024-02-21T22:00:00,287.1,3,1,2424,22,0
2024-02-21T23:00:00,17.38,5,1,158,23,0
2024-02-22T00:00:00,407.54,5,1,351,0,0
2024-02-22T01:00:00,118.69,2,1,235,1,0
2024-02-22T02:00:00,9.19,2,1,95,2,0
2024-02-22T03:00:00,47.5,2,1,1217,3,0
2024-02-22T04:00:00,323.18,3,1,2485,4,0
2024-02-22T05:00:00,9.25,5,1,1019,5,0
2024-02-22T06:00:00,13.39,6,1,37,6,0
2024-02-22T07:00:00,20.48,10,0,100,7,0
2024-02-22T08:00:00,50.85,10,1,1437,8,0
2024-02-22T09:00:00,441.32,9,1,620,9,0
2024-02-22T10:00:00,188.19,10,1,104,10,0
2024-02-22T11:00:00,406.69,7,1,602,11,0
2024-02-22T12:00:00,426.06,11,1,1284,12,0
2024-02-22T13:00:00,16.32,7,1,1312,13,0
2024-02-22T14:00:00,101.44,10,1,967,14,0
2024-02-22T15:00:00,483.77,12,1,2435,15,0
2024-02-22T16:00:00,12.32,7,1,688,16,0
2024-02-22T17:00:00,50.25,9,1,2257,17,0
2024-02-22T18:00:00,105.85,4,1,1514,18,0
2024-02-22T19:00:00,998.35,8,1,2431,19,0
2024-02-22T20:00:00,41.79,2,1,816,20,0
2024-02-22T21:00:00,42.13,9,1,1449,21,0
2024-02-22T22:00:00,113.95,4,1,942,22,0
2024-02-22T23:00:00,120.87,7,1,159,23,0
2024-02-23T00:00:00,158.18,12,1,785,0,0
2024-02-23T01:00:00,15.44,1,1,328,1,0
2024-02-23T02:00:00,379.12,11,1,1871,2,0
2024-02-23T03:00:00,122.13,5,0,586,3,0
2024-02-23T04:00:00,34.91,11,1,63,4,0
2024-02-23T05:00:00,219.07,12,1,574,5,0
2024-02-23T06:00:00,65.05,5,1,1595,6,0
2024-02-23T07:00:00,458.45,11,1,1132,7,0
2024-02-23T08:00:00,185.12,2,1,1233,8,0
2024-02-23T09:00:00,756.49,5,1,1197,9,0
2024-02-23T10:00:00,271.53,11,0,1619,10,0
2024-02-23T11:00:00,9.15,5,1,166,11,0
2024-02-23T12:00:00,24.29,5,1,1766,12,0
2024-02-23T13:00:00,939.28,7,1,2427,13,0
2024-02-23T14:00:00,925.08,3,1,1636,14,0
2024-02-23T15:00:00,53.48,7,1,2371,15,0
2024-02-23T16:00:00,184.89,5,1,2284,16,0
2024-02-23T17:00:00,987.46,12,1,1787,17,0
2024-02-23T18:00:00,135.65,11,1,1568,18,0
2024-02-23T19:00:00,13.37,1,1,289,19,0
2024-02-23T20:00:00,57.45,9,1,773,20,0
2024-02-23T21:00:00,39.65,1,1,2163,21,0
2024-02-23T22:00:00,1091.95,4,1,500,22,0
2024-02-23T23:00:00,66.55,5,1,244,23,0
2024-02-24T00:00:00,52.31,9,1,460,0,0
2024-02-24T01:00:00,379.04,4,1,67,1,0
2024-02-24T02:00:00,143.06,1,0,155,2,0
2024-02-24T03:00:00,264.75,6,1,1772,3,0
2024-02-24T04:00:00,633.91,6,1,1670,4,0
2024-02-24T05:00:00,497.92,11,1,1329,5,0
2024-02-24T06:00:00,17.24,4,0,245,6,0
2024-02-24T07:00:00,548.77,2,1,1679,7,0
2024-02-24T08:00:00,107.35,4,1,2156,8,0
2024-02-24T09:00:00,478.23,2,1,1327,9,0
2024-02-24T10:00:00,513.45,1,1,87,10,0
2024-02-24T11:00:00,200.97,6,1,1830,11,0
2024-02-24T12:00:00,12.9,2,1,428,12,0
2024-02-24T13:00:00,26.64,4,1,2413,13,0
2024-02-24T14:00:00,11.79,7,1,1704,14,0
2024-02-24T15:00:00,412.71,5,1,2158,15,0
2024-02-24T16:00:00,837.75,4,1,2479,16,0
2024-02-24T17:00:00,45.71,1,1,1282,17,0
2024-02-24T18:00:00,262.81,9,1,119,18,0
2024-02-24T19:00:00,386.09,10,1,783,19,0
2024-02-24T20:00:00,73.96,10,1,259,20,0
2024-02-24T21:00:00,91.99,6,1,285,21,0
2024-02-24T22:00:00,80.5,5,1,1759,22,0
2024-02-24T23:00:00,15.57,11,1,1032,23,0
2024-02-25T00:00:00,428.52,12,0,570,0,0
2024-02-25T01:00:00,11.73,11,1,1768,1,0
2024-02-25T02:00:00,27.81,10,1,1022,2,0
2024-02-25T03:00:00,48.26,12,1,1978,3,0
2024-02-25T04:00:00,22.85,9,1,356,4,0
2024-02-25T05:00:00,19.03,1,1,467,5,0
2024-02-25T06:00:00,406.07,10,0,735,6,0
2024-02-25T07:00:00,79.37,4,1,1745,7,0
2024-02-25T08:00:00,17.15,2,1,896,8,0
2024-02-25T09:00:00,461.66,4,1,214,9,0
2024-02-25T10:00:00,32.22,10,1,1454,10,0
2024-02-25T11:00:00,17.41,5,1,1305,11,0
2024-02-25T12:00:00,1030.23,12,1,1719,12,0
2024-02-25T13:00:00,157.13,12,1,972,13,0
2024-02-25T14:00:00,386.03,1,1,2128,14,0
2024-02-25T15:00:00,590.05,7,1,616,15,0
2024-02-25T16:00:00,91.21,4,1,65,16,0
2024-02-25T17:00:00,255.29,7,1,2259,17,0
2024-02-25T18:00:00,41.91,8,1,1174,18,0
2024-02-25T19:00:00,75.3,1,1,2206,19,0
2024-02-25T20:00:00,24.32,4,1,2160,20,0
2024-02-25T21:00:00,746.04,1,1,355,21,0
2024-02-25T22:00:00,26.71,3,1,201,22,0
2024-02-25T23:00:00,123.72,10,1,1459,23,0
2024-02-26T00:00:00,82.44,2,1,2496,0,0
2024-02-26T01:00:00,51.77,6,1,1602,1,0
2024-02-26T02:00:00,12.88,11,1,1949,2,0
2024-02-26T03:00:00,23.63,4,1,2129,3,0
2024-02-26T04:00:00,57.1,3,1,1046,4,0
2024-02-26T05:00:00,99.05,1,1,1680,5,0
2024-02-26T06:00:00,99.84,7,1,2413,6,0
2024-02-26T07:00:00,256.76,6,1,575,7,0
2024-02-26T08:00:00,362.08,10,1,1383,8,0
2024-02-26T09:00:00,224.82,3,1,2130,9,0
2024-02-26T10:00:00,14.65,8,1,2056,10,0
2024-02-26T11:00:00,24.14,7,1,1834,11,0
2024-02-26T12:00:00,155.11,1,1,2204,12,0
2024-02-26T13:00:00,572.41,3,1,2042,13,0
2024-02-26T14:00:00,39.08,9,1,100,14,0
2024-02-26T15:00:00,47.47,7,1,1924,15,0
2024-02-26T16:00:00,54.84,9,1,2283,16,0
2024-02-26T17:00:00,277.1,4,1,1882,17,0
2024-02-26T18:00:00,48.26,12,1,1532,18,0
2024-02-26T19:00:00,31.74,7,1,1719,19,0
2024-02-26T20:00:00,19.92,4,1,2478,20,0
2024-02-26T21:00:00,227.77,4,1,802,21,0
2024-02-26T22:00:00,18.08,7,1,726,22,0
2024-02-26T23:00:00,586.05,3,1,1800,23,0
2024-02-27T00:00:00,30.41,12,1,2318,0,0
2024-02-27T01:00:00,244.77,7,1,1774,1,0
2024-02-27T02:00:00,230.15,4,1,1865,2,0
2024-02-27T03:00:00,16.64,1,1,388,3,0
2024-02-27T04:00:00,30.66,4,1,639,4,0
2024-02-27T05:00:00,26.82,4,1,2290,5,0
2024-02-27T06:00:00,224.88,3,1,17,6,0
2024-02-27T07:00:00,83.63,1,1,1192,7,0
2024-02-27T08:00:00,30.55,2,1,1025,8,0
2024-02-27T09:00:00,39.0,8,1,634,9,0
2024-02-27T10:00:00,45.64,3,1,1324,10,0
2024-02-27T11:00:00,488.97,5,1,115,11,0
2024-02-27T12:00:00,647.91,5,1,1683,12,0
2024-02-27T13:00:00,11.15,7,1,1306,13,0
2024-02-27T14:00:00,28.33,9,1,785,14,0
2024-02-27T15:00:00,10.43,7,1,356,15,0
2024-02-27T16:00:00,199.11,7,1,1326,16,0
2024-02-27T17:00:00,22.42,4,1,1184,17,0
2024-02-27T18:00:00,14.33,10,1,1501,18,0
2024-02-27T19:00:00,199.84,7,1,1328,19,0
2024-02-27T20:00:00,88.41,6,1,21,20,0
2024-02-27T21:00:00,109.8,7,0,1305,21,0
2024-02-27T22:00:00,75.25,6,0,1154,22,0
2024-02-27T23:00:00,42.26,11,1,91,23,0
2024-02-28T00:00:00,13.53,11,1,1596,0,0
2024-02-28T01:00:00,9.5,8,1,1668,1,0
2024-02-28T02:00:00,49.96,11,1,278,2,0
2024-02-28T03:00:00,30.46,1,1,978,3,0
2024-02-28T04:00:00,122.53,3,1,1742,4,0
2024-02-28T05:00:00,377.18,6,1,1685,5,0
2024-02-28T06:00:00,433.97,10,1,429,6,0
2024-02-28T07:00:00,86.53,6,0,1914,7,0
2024-02-28T08:00:00,286.54,3,1,2465,8,0
2024-02-28T09:00:00,69.43,10,1,11,9,0
2024-02-28T10:00:00,246.55,10,0,2061,10,0
2024-02-28T11:00:00,54.0,2,0,1370,11,0
2024-02-28T12:00:00,9.64,7,1,2465,12,0
2024-02-28T13:00:00,397.97,6,1,2294,13,0
2024-02-28T14:00:00,82.03,6,1,610,14,0
2024-02-28T15:00:00,18.02,6,1,1667,15,0
2024-02-28T16:00:00,176.39,5,1,1245,16,0
2024-02-28T17:00:00,10.57,12,1,291,17,0
2024-02-28T18:00:00,165.7,12,1,1392,18,0
2024-02-28T19:00:00,85.83,7,1,1041,19,0
2024-02-28T20:00:00,60.24,9,1,31,20,0
2024-02-28T21:00:00,494.95,10,1,745,21,0
2024-02-28T22:00:00,59.34,5,1,1037,22,0
2024-02-28T23:00:00,95.66,2,1,1081,23,0
2024-03-01T00:00:00,126.6,10,1,663,0,0
2024-03-01T01:00:00,634.45,8,1,2476,1,0
2024-03-01T02:00:00,39.32,7,1,448,2,0
2024-03-01T03:00:00,20.16,8,1,1257,3,0
2024-03-01T04:00:00,51.04,10,1,1652,4,0
2024-03-01T05:00:00,465.06,5,1,220,5,0
2024-03-01T06:00:00,563.04,3,1,1913,6,0
2024-03-01T07:00:00,109.7,1,1,1339,7,0
2024-03-01T08:00:00,9.49,12,1,809,8,0
2024-03-01T09:00:00,398.48,4,1,887,9,0
2024-03-01T10:00:00,31.75,3,1,1592,10,0
2024-03-01T11:00:00,295.48,8,1,1509,11,0
2024-03-01T12:00:00,101.07,1,1,2198,12,0
2024-03-01T13:00:00,10.43,1,1,992,13,0
2024-03-01T14:00:00,862.19,9,1,628,14,0
2024-03-01T15:00:00,364.22,9,1,1897,15,0
2024-03-01T16:00:00,153.64,7,1,1103,16,0
2024-03-01T17:00:00,258.78,11,1,1656,17,0
2024-03-01T18:00:00,303.37,2,1,1781,18,0
2024-03-01T19:00:00,609.63,4,1,1468,19,0
2024-03-01T20:00:00,39.9,9,1,2198,20,0
2024-03-01T21:00:00,40.4,1,1,1112,21,0
2024-03-01T22:00:00,13.88,10,1,509,22,0
2024-03-01T23:00:00,171.98,7,1,10,23,0
2024-03-02T00:00:00,450.27,6,1,379,0,0
2024-03-02T01:00:00,53.26,7,1,2350,1,0
2024-03-02T02:00:00,41.59,5,1,36,2,0
2024-03-02T03:00:00,532.5,3,1,1067,3,0
2024-03-02T04:00:00,168.01,3,1,1956,4,0
2024-03-02T05:00:00,94.44,11,1,1167,5,0
2024-03-02T06:00:00,114.4,6,1,1810,6,0
2024-03-02T07:00:00,1037.59,12,1,296,7,0
2024-03-02T08:00:00,616.23,1,1,905,8,0
2024-03-02T09:00:00,22.41,9,1,689,9,0
2024-03-02T10:00:00,549.3,8,1,463,10,0
2024-03-02T11:00:00,230.74,10,1,1226,11,0
2024-03-02T12:00:00,12.37,11,1,915,12,0
2024-03-02T13:00:00,628.19,12,1,1922,13,0
2024-03-02T14:00:00,263.67,7,1,1515,14,0
2024-03-02T15:00:00,947.58,5,1,2367,15,0
2024-03-02T16:00:00,973.46,2,1,493,16,0
2024-03-02T17:00:00,48.26,3,1,789,17,0
2024-03-02T18:00:00,141.92,9,1,1305,18,0
2024-03-02T19:00:00,1092.96,1,1,213,19,0
2024-03-02T20:00:00,94.32,4,1,1518,20,0
2024-03-02T21:00:00,713.22,11,1,236,21,0
2024-03-02T22:00:00,546.38,12,1,2255,22,0
2024-03-02T23:00:00,721.32,9,1,857,23,0
2024-03-03T00:00:00,124.03,7,1,1650,0,0
2024-03-03T01:00:00,15.36,1,1,1654,1,0
2024-03-03T02:00:00,10.74,8,1,1565,2,0
2024-03-03T03:00:00,895.27,5,1,866,3,0
2024-03-03T04:00:00,977.31,8,1,1986,4,0
2024-03-03T05:00:00,348.5,9,1,181,5,0
2024-03-03T06:00:00,118.69,8,1,411,6,0
2024-03-03T07:00:00,166.16,3,1,1478,7,0
2024-03-03T08:00:00,466.81,10,1,2152,8,0
2024-03-03T09:00:00,51.45,8,0,102,9,0
2024-03-03T10:00:00,65.01,4,1,292,10,0
2024-03-03T11:00:00,21.3,7,1,2401,11,0
2024-03-03T12:00:00,493.64,9,1,1117,12,0
2024-03-03T13:00:00,443.49,10,1,603,13,0
2024-03-03T14:00:00,105.9,3,0,156,14,0
2024-03-03T15:00:00,972.92,1,1,1424,15,0
2024-03-03T16:00:00,36.78,6,1,1945,16,0
2024-03-03T17:00:00,115.62,1,1,1707,17,0
2024-03-03T18:00:00,91.0,6,1,373,18,0
2024-03-03T19:00:00,132.48,3,1,2047,19,0
2024-03-03T20:00:00,47.93,5,1,1965,20,0
2024-03-03T21:00:00,1087.16,11,1,504,21,0
2024-03-03T22:00:00,20.14,9,1,366,22,0
2024-03-03T23:00:00,47.53,12,1,2067,23,0
2024-03-04T00:00:00,219.72,8,1,1460,0,0
2024-03-04T01:00:00,10.31,5,1,980,1,0
2024-03-04T02:00:00,645.25,8,1,71,2,0
2024-03-04T03:00:00,971.57,3,1,350,3,0
2024-03-04T04:00:00,93.35,5,1,1578,4,0
2024-03-04T05:00:00,12.55,5,1,1028,5,0
2024-03-04T06:00:00,13.44,10,1,280,6,0
2024-03-04T07:00:00,15.2,3,1,1622,7,0
2024-03-04T08:00:00,19.28,1,1,357,8,0
2024-03-04T09:00:00,32.85,8,1,538,9,0
2024-03-04T10:00:00,215.78,11,1,1287,10,0
2024-03-04T11:00:00,203.72,6,1,173,11,0
2024-03-04T12:00:00,121.93,3,1,635,12,0
2024-03-04T13:00:00,431.98,3,1,2086,13,0
2024-03-04T14:00:00,36.29,1,1,249,14,0
2024-03-04T15:00:00,55.21,12,1,662,15,0
2024-03-04T16:00:00,123.89,11,1,1719,16,0
2024-03-04T17:00:00,486.47,5,1,2259,17,0
2024-03-04T18:00:00,191.69,7,1,2161,18,0
2024-03-04T19:00:00,90.03,5,1,776,19,0
2024-03-04T20:00:00,26.92,4,1,159,20,0
2024-03-04T21:00:00,17.17,2,1,430,21,0
2024-03-04T22:00:00,38.42,12,1,2232,22,0
2024-03-04T23:00:00,310.89,5,1,962,23,0
2024-03-05T00:00:00,21.64,10,1,1227,0,0
2024-03-05T01:00:00,117.32,1,1,1070,1,0
2024-03-05T02:00:00,72.71,10,1,1114,2,0
2024-03-05T03:00:00,10.22,10,1,1674,3,0
2024-03-05T04:00:00,29.41,7,1,1820,4,0
2024-03-05T05:00:00,42.91,1,1,1825,5,0
2024-03-05T06:00:00,252.61,3,0,486,6,0
2024-03-05T07:00:00,49.78,11,1,1423,7,0
2024-03-05T08:00:00,94.23,1,1,141,8,0
2024-03-05T09:00:00,20.21,11,1,844,9,0
2024-03-05T10:00:00,824.18,4,1,960,10,0
2024-03-05T11:00:00,12.08,11,1,2405,11,0
2024-03-05T12:00:00,79.62,10,1,148,12,0
2024-03-05T13:00:00,445.58,5,1,1818,13,0
2024-03-05T14:00:00,117.49,10,1,2323,14,0
2024-03-05T15:00:00,173.25,6,1,2061,15,0
2024-03-05T16:00:00,39.7,3,1,2160,16,0
2024-03-05T17:00:00,738.03,12,1,1637,17,0
2024-03-05T18:00:00,91.15,8,1,984,18,0
2024-03-05T19:00:00,670.54,11,1,1709,19,0
2024-03-05T20:00:00,117.27,6,1,417,20,0
2024-03-05T21:00:00,11.99,11,1,1779,21,0
2024-03-05T22:00:00,194.38,7,1,1327,22,0
2024-03-05T23:00:00,83.35,3,1,1775,23,0
2024-03-06T00:00:00,497.7,5,1,2057,0,0
2024-03-06T01:00:00,39.35,1,1,897,1,0
2024-03-06T02:00:00,121.38,11,1,2388,2,1
2024-03-06T03:00:00,10.36,8,1,223,3,0
2024-03-06T04:00:00,413.45,3,1,1013,4,0
2024-03-06T05:00:00,20.28,11,1,688,5,0
2024-03-06T06:00:00,26.68,12,1,21,6,0
2024-03-06T07:00:00,117.05,7,1,1849,7,0
2024-03-06T08:00:00,413.32,11,1,522,8,0
2024-03-06T09:00:00,28.97,3,1,1493,9,0
2024-03-06T10:00:00,225.33,7,1,325,10,0
2024-03-06T11:00:00,24.6,8,1,580,11,0
2024-03-06T12:00:00,996.1,2,1,254,12,0
2024-03-06T13:00:00,44.4,6,1,1688,13,0
2024-03-06T14:00:00,17.03,2,1,2320,14,0
2024-03-06T15:00:00,68.23,8,1,276,15,0
2024-03-06T16:00:00,33.04,4,1,1366,16,0
2024-03-06T17:00:00,903.06,1,1,2102,17,0
2024-03-06T18:00:00,76.14,3,1,1577,18,0
2024-03-06T19:00:00,13.58,6,1,1781,19,0
2024-03-06T20:00:00,73.94,3,1,544,20,0
2024-03-06T21:00:00,244.33,8,1,1428,21,0
2024-03-06T22:00:00,125.46,3,1,2416,22,0
2024-03-06T23:00:00,126.68,1,1,174,23,0
2024-03-07T00:00:00,46.08,7,1,788,0,0
2024-03-07T01:00:00,101.96,3,1,1106,1,0
2024-03-07T02:00:00,198.03,8,1,1923,2,0
2024-03-07T03:00:00,281.46,1,1,1630,3,0
2024-03-07T04:00:00,92.94,2,1,2071,4,0
2024-03-07T05:00:00,175.93,11,1,1698,5,0
2024-03-07T06:00:00,42.21,12,1,1152,6,0
2024-03-07T07:00:00,170.07,2,1,1722,7,0
2024-03-07T08:00:00,197.36,1,1,1476,8,0
2024-03-07T09:00:00,215.91,4,1,441,9,0
2024-03-07T10:00:00,146.26,1,1,306,10,0
2024-03-07T11:00:00,59.58,7,1,161,11,0
2024-03-07T12:00:00,22.57,2,1,1244,12,0
2024-03-07T13:00:00,508.53,11,1,536,13,0
2024-03-07T14:00:00,342.88,8,1,2350,14,0
2024-03-07T15:00:00,547.1,2,1,1211,15,0
2024-03-07T16:00:00,13.33,3,1,1783,16,0
2024-03-07T17:00:00,31.49,10,1,250,17,0
2024-03-07T18:00:00,173.74,1,1,186,18,0
2024-03-07T19:00:00,11.13,5,1,2411,19,0
2024-03-07T20:00:00,312.44,11,1,314,20,0
2024-03-07T21:00:00,800.41,7,1,758,21,0
2024-03-07T22:00:00,462.11,6,1,16,22,0
2024-03-07T23:00:00,486.15,3,1,1537,23,0
2024-03-08T00:00:00,17.1,8,0,663,0,0
2024-03-08T01:00:00,50.36,8,1,26,1,0
2024-03-08T02:00:00,290.57,12,1,2323,2,0
2024-03-08T03:00:00,9.26,1,1,73,3,0
2024-03-08T04:00:00,84.66,8,0,2049,4,0
2024-03-08T05:00:00,60.66,6,1,425,5,0
2024-03-08T06:00:00,18.08,9,1,1066,6,0
2024-03-08T07:00:00,102.11,4,1,1475,7,0
2024-03-08T08:00:00,179.85,7,1,1144,8,0
2024-03-08T09:00:00,41.81,3,0,1167,9,0
2024-03-08T10:00:00,989.78,5,1,644,10,0
2024-03-08T11:00:00,42.4,5,1,122,11,0
2024-03-08T12:00:00,203.51,2,1,986,12,0
2024-03-08T13:00:00,88.84,10,1,355,13,0
2024-03-08T14:00:00,156.84,8,1,1110,14,0
2024-03-08T15:00:00,181.82,9,1,1724,15,0
2024-03-08T16:00:00,12.99,3,1,46,16,0
2024-03-08T17:00:00,757.7,10,1,2378,17,0
2024-03-08T18:00:00,147.89,10,1,911,18,0
2024-03-08T19:00:00,691.21,1,1,1310,19,0
2024-03-08T20:00:00,726.43,10,1,1982,20,0
2024-03-08T21:00:00,560.14,4,1,2052,21,0
2024-03-08T22:00:00,12.58,8,1,489,22,0
2024-03-08T23:00:00,10.54,4,1,2138,23,0
2024-03-09T00:00:00,19.46,11,0,1726,0,0
2024-03-09T01:00:00,20.54,8,1,1148,1,0
2024-03-09T02:00:00,81.88,3,1,2354,2,0
2024-03-09T03:00:00,48.43,6,1,2070,3,0
2024-03-09T04:00:00,140.65,5,1,2252,4,0
2024-03-09T05:00:00,14.32,8,1,1993,5,0
2024-03-09T06:00:00,343.86,4,1,666,6,0
2024-03-09T07:00:00,165.19,12,1,2111,7,0
2024-03-09T08:00:00,248.95,5,1,1825,8,0
2024-03-09T09:00:00,67.12,1,1,134,9,0
2024-03-09T10:00:00,279.88,5,1,2293,10,0
2024-03-09T11:00:00,31.01,8,1,2199,11,0
2024-03-09T12:00:00,75.09,5,1,381,12,0
2024-03-09T13:00:00,683.1,4,0,1053,13,0
2024-03-09T14:00:00,215.59,5,1,659,14,0
2024-03-09T15:00:00,227.55,2,1,1412,15,0
2024-03-09T16:00:00,94.96,9,1,1561,16,0
2024-03-09T17:00:00,307.05,5,1,1800,17,0
2024-03-09T18:00:00,10.04,2,1,2421,18,0
2024-03-09T19:00:00,63.09,4,1,1939,19,0
2024-03-09T20:00:00,90.7,5,1,2163,20,0
2024-03-09T21:00:00,32.17,11,1,682,21,0
2024-03-09T22:00:00,776.13,12,1,1446,22,0
2024-03-09T23:00:00,312.4,2,1,1945,23,0
2024-03-10T00:00:00,254.07,9,0,266,0,0
2024-03-10T01:00:00,368.3,4,1,842,1,0
2024-03-10T02:00:00,841.62,4,1,738,2,0
2024-03-10T03:00:00,215.86,10,1,2017,3,0
2024-03-10T04:00:00,595.78,2,1,491,4,0
2024-03-10T05:00:00,56.11,4,1,1049,5,0
2024-03-10T06:00:00,11.69,1,1,1748,6,0
2024-03-10T07:00:00,405.94,6,1,175,7,0
2024-03-10T08:00:00,14.81,9,1,153,8,0
2024-03-10T09:00:00,102.89,10,1,2211,9,0
2024-03-10T10:00:00,89.18,3,1,1764,10,0
2024-03-10T11:00:00,100.02,3,1,476,11,0
2024-03-10T12:00:00,224.71,1,1,1971,12,0
2024-03-10T13:00:00,327.42,8,1,2464,13,0
2024-03-10T14:00:00,466.91,4,1,94,14,0
2024-03-10T15:00:00,324.25,3,0,2314,15,0
2024-03-10T16:00:00,19.44,3,1,829,16,0
2024-03-10T17:00:00,33.26,7,1,1936,17,0
2024-03-10T18:00:00,886.86,9,1,1017,18,0
2024-03-10T19:00:00,29.54,5,0,247,19,0
2024-03-10T20:00:00,556.79,2,1,1332,20,0
2024-03-10T21:00:00,1014.68,6,1,303,21,0
2024-03-10T22:00:00,13.72,2,1,1026,22,0
2024-03-10T23:00:00,10.55,4,1,1435,23,0
2024-03-11T00:00:00,247.13,10,1,2182,0,0
2024-03-11T01:00:00,60.59,8,1,1257,1,0
2024-03-11T02:00:00,391.27,3,1,96,2,0
2024-03-11T03:00:00,467.13,5,1,2432,3,0
2024-03-11T04:00:00,10.58,12,1,2168,4,0
2024-03-11T05:00:00,796.94,2,1,1683,5,0
2024-03-11T06:00:00,401.77,3,1,50,6,0
2024-03-11T07:00:00,194.68,11,1,533,7,0
2024-03-11T08:00:00,66.52,6,1,549,8,0
2024-03-11T09:00:00,391.87,1,1,1110,9,0
2024-03-11T10:00:00,809.18,4,1,785,10,0
2024-03-11T11:00:00,268.21,5,1,2473,11,0
2024-03-11T12:00:00,351.22,11,1,494,12,0
2024-03-11T13:00:00,49.29,8,1,1293,13,0
2024-03-11T14:00:00,44.06,4,1,1352,14,0
2024-03-11T15:00:00,11.67,8,0,1564,15,0
2024-03-11T16:00:00,148.63,12,1,1126,16,0
2024-03-11T17:00:00,11.87,9,1,582,17,0
2024-03-11T18:00:00,546.16,2,1,147,18,0
2024-03-11T19:00:00,62.68,10,1,405,19,0
2024-03-11T20:00:00,1022.97,7,0,487,20,0
2024-03-11T21:00:00,13.97,6,1,619,21,0
2024-03-11T22:00:00,726.73,5,1,1177,22,0
2024-03-11T23:00:00,72.28,10,1,1371,23,0
2024-03-12T00:00:00,649.53,5,1,1281,0,0
2024-03-12T01:00:00,630.14,10,1,121,1,0
2024-03-12T02:00:00,318.28,11,1,341,2,0
2024-03-12T03:00:00,1016.83,10,1,1381,3,0
2024-03-12T04:00:00,74.97,4,1,463,4,0
2024-03-12T05:00:00,750.16,3,1,46,5,0
2024-03-12T06:00:00,41.73,2,1,1264,6,0
2024-03-12T07:00:00,598.78,6,1,793,7,0
2024-03-12T08:00:00,114.04,4,1,2358,8,0
2024-03-12T09:00:00,131.64,11,1,2302,9,0
2024-03-12T10:00:00,23.71,2,1,251,10,0
2024-03-12T11:00:00,279.4,8,1,936,11,0
2024-03-12T12:00:00,52.96,1,1,1952,12,0
2024-03-12T13:00:00,910.64,10,1,1616,13,0
2024-03-12T14:00:00,107.58,11,1,1867,14,0
2024-03-12T15:00:00,18.66,7,1,1767,15,0
2024-03-12T16:00:00,11.79,4,1,268,16,0
2024-03-12T17:00:00,70.32,10,1,522,17,0
2024-03-12T18:00:00,370.41,10,1,1386,18,0
2024-03-12T19:00:00,9.18,2,1,2449,19,0
2024-03-12T20:00:00,70.06,11,0,503,20,0
2024-03-12T21:00:00,22.24,4,1,1488,21,0
2024-03-12T22:00:00,48.19,10,1,2356,22,0
2024-03-12T23:00:00,144.69,8,1,1524,23,0
2024-03-13T00:00:00,583.24,1,1,138,0,0
2024-03-13T01:00:00,36.62,10,1,91,1,0
2024-03-13T02:00:00,122.31,4,1,266,2,0
2024-03-13T03:00:00,51.26,6,1,959,3,1
2024-03-13T04:00:00,90.88,4,1,870,4,0
2024-03-13T05:00:00,111.63,8,1,136,5,0
2024-03-13T06:00:00,904.64,9,0,1824,6,0
2024-03-13T07:00:00,27.53,2,1,322,7,0
2024-03-13T08:00:00,69.14,5,1,1684,8,0
2024-03-13T09:00:00,180.18,8,1,2445,9,0
2024-03-13T10:00:00,696.64,8,1,196,10,0
2024-03-13T11:00:00,604.53,1,1,808,11,0
2024-03-13T12:00:00,376.85,9,1,1466,12,0
2024-03-13T13:00:00,53.39,6,1,988,13,0
2024-03-13T14:00:00,87.11,4,1,713,14,0
2024-03-13T15:00:00,16.87,12,1,2367,15,0
2024-03-13T16:00:00,13.34,11,1,675,16,0
2024-03-13T17:00:00,182.93,10,1,1300,17,0
2024-03-13T18:00:00,176.44,12,1,784,18,0
2024-03-13T19:00:00,135.25,11,1,1111,19,0
2024-03-13T20:00:00,17.68,1,1,2030,20,0
2024-03-13T21:00:00,26.59,7,1,2452,21,0
2024-03-13T22:00:00,131.75,10,1,2325,22,0
2024-03-13T23:00:00,16.41,7,1,1464,23,0
2024-03-14T00:00:00,24.43,9,1,24,0,0
2024-03-14T01:00:00,69.2,6,1,9,1,0
2024-03-14T02:00:00,668.38,4,1,1783,2,0
2024-03-14T03:00:00,232.51,5,1,1930,3,0
2024-03-14T04:00:00,795.16,11,1,901,4,0
2024-03-14T05:00:00,830.38,5,0,96,5,0
2024-03-14T06:00:00,30.13,7,1,884,6,0
2024-03-14T07:00:00,78.92,7,1,2416,7,0
2024-03-14T08:00:00,150.2,4,1,1754,8,0
2024-03-14T09:00:00,56.47,6,1,671,9,0
2024-03-14T10:00:00,687.91,7,1,534,10,0
2024-03-14T11:00:00,35.96,11,1,1852,11,0
2024-03-14T12:00:00,50.15,4,1,1980,12,0
2024-03-14T13:00:00,29.35,5,1,833,13,0
2024-03-14T14:00:00,89.34,9,1,2413,14,0
2024-03-14T15:00:00,9.27,5,1,2306,15,0
2024-03-14T16:00:00,245.98,11,1,1443,16,0
2024-03-14T17:00:00,86.01,8,1,110,17,0
2024-03-14T18:00:00,233.45,3,1,755,18,0
2024-03-14T19:00:00,14.55,7,0,496,19,0
2024-03-14T20:00:00,209.34,3,1,1410,20,0
2024-03-14T21:00:00,331.97,12,1,1517,21,0
2024-03-14T22:00:00,23.86,10,1,1299,22,0
2024-03-14T23:00:00,172.31,9,1,23,23,0
2024-03-15T00:00:00,51.31,12,0,1256,0,0
2024-03-15T01:00:00,56.29,9,1,2271,1,0
2024-03-15T02:00:00,989.1,2,1,1772,2,0
2024-03-15T03:00:00,111.74,3,1,1240,3,0
2024-03-15T04:00:00,30.45,3,1,2189,4,0
2024-03-15T05:00:00,56.9,7,1,1216,5,0
2024-03-15T06:00:00,883.55,6,1,879,6,0
2024-03-15T07:00:00,15.35,9,1,1845,7,0
2024-03-15T08:00:00,374.95,11,1,2224,8,0
2024-03-15T09:00:00,290.1,2,1,1102,9,0
2024-03-15T10:00:00,138.15,5,1,1389,10,0
2024-03-15T11:00:00,336.8,8,1,487,11,0
2024-03-15T12:00:00,85.7,6,1,631,12,0
2024-03-15T13:00:00,10.91,5,0,2128,13,0
2024-03-15T14:00:00,487.65,12,1,489,14,0
2024-03-15T15:00:00,275.22,8,1,997,15,0
2024-03-15T16:00:00,292.07,2,1,2116,16,0
2024-03-15T17:00:00,103.75,3,1,2263,17,0
2024-03-15T18:00:00,10.9,12,1,1077,18,0
2024-03-15T19:00:00,96.71,8,1,2361,19,0
2024-03-15T20:00:00,1029.18,9,1,897,20,0
2024-03-15T21:00:00,103.99,11,1,54,21,0
2024-03-15T22:00:00,49.43,10,1,327,22,0
2024-03-15T23:00:00,62.53,3,1,247,23,0
2024-03-16T00:00:00,22.67,3,1,2199,0,0
2024-03-16T01:00:00,94.68,2,1,2192,1,0
2024-03-16T02:00:00,196.43,11,1,1717,2,0
2024-03-16T03:00:00,240.41,10,1,1382,3,0
2024-03-16T04:00:00,595.17,10,1,2117,4,0
2024-03-16T05:00:00,707.24,9,1,398,5,0
2024-03-16T06:00:00,872.89,12,1,2450,6,0
2024-03-16T07:00:00,260.85,2,0,1527,7,0
2024-03-16T08:00:00,23.36,11,1,1426,8,0
2024-03-16T09:00:00,22.68,2,1,1934,9,0
2024-03-16T10:00:00,10.76,1,1,23,10,0
2024-03-16T11:00:00,229.4,7,1,1830,11,0
2024-03-16T12:00:00,967.72,12,1,2057,12,0
2024-03-16T13:00:00,415.78,11,1,2441,13,0
2024-03-16T14:00:00,19.66,6,1,468,14,0
2024-03-16T15:00:00,48.69,12,1,275,15,0
2024-03-16T16:00:00,891.71,5,1,2044,16,0
2024-03-16T17:00:00,28.75,8,1,362,17,0
2024-03-16T18:00:00,755.56,9,1,5,18,0
2024-03-16T19:00:00,49.55,10,1,1812,19,0
2024-03-16T20:00:00,13.91,11,1,954,20,0
2024-03-16T21:00:00,42.83,9,0,580,21,0
2024-03-16T22:00:00,99.38,10,1,1173,22,0
2024-03-16T23:00:00,532.18,4,1,203,23,0
2024-03-17T00:00:00,160.58,2,1,900,0,0
2024-03-17T01:00:00,341.52,6,1,689,1,0
2024-03-17T02:00:00,736.41,8,1,1260,2,0
2024-03-17T03:00:00,293.7,11,1,2437,3,0
2024-03-17T04:00:00,42.67,7,1,1877,4,0
2024-03-17T05:00:00,691.31,9,1,1663,5,0
2024-03-17T06:00:00,102.73,4,1,1695,6,0
2024-03-17T07:00:00,71.4,9,1,1244,7,0
2024-03-17T08:00:00,9.22,6,1,2229,8,0
2024-03-17T09:00:00,23.45,5,1,2246,9,0
2024-03-17T10:00:00,761.74,7,1,1285,10,0
2024-03-17T11:00:00,347.36,10,1,952,11,0
2024-03-17T12:00:00,56.45,12,1,221,12,0
2024-03-17T13:00:00,170.0,3,1,2226,13,0
2024-03-17T14:00:00,306.85,11,1,2039,14,0
2024-03-17T15:00:00,55.54,12,1,525,15,0
2024-03-17T16:00:00,9.43,8,1,1253,16,0
2024-03-17T17:00:00,269.46,9,1,1584,17,0
2024-03-17T18:00:00,66.29,7,1,1023,18,0
2024-03-17T19:00:00,71.1,6,0,2285,19,0
2024-03-17T20:00:00,45.09,7,1,1312,20,0
2024-03-17T21:00:00,340.4,1,1,1451,21,0
2024-03-17T22:00:00,42.61,5,1,2116,22,0
2024-03-17T23:00:00,43.54,4,1,1034,23,0
2024-03-18T00:00:00,184.9,2,1,1619,0,0
2024-03-18T01:00:00,13.06,8,1,1386,1,0
2024-03-18T02:00:00,39.05,9,1,309,2,0
2024-03-18T03:00:00,40.16,6,1,2069,3,0
2024-03-18T04:00:00,120.26,7,1,11,4,0
2024-03-18T05:00:00,9.41,12,1,1020,5,0
2024-03-18T06:00:00,51.5,9,1,1020,6,0
2024-03-18T07:00:00,136.55,10,1,2285,7,0
2024-03-18T08:00:00,662.45,7,1,915,8,0
2024-03-18T09:00:00,637.21,8,1,1500,9,0
2024-03-18T10:00:00,135.34,1,1,617,10,0
2024-03-18T11:00:00,122.88,6,1,889,11,0
2024-03-18T12:00:00,24.83,3,1,514,12,0
2024-03-18T13:00:00,13.22,3,0,508,13,0
2024-03-18T14:00:00,92.08,7,0,2251,14,0
2024-03-18T15:00:00,17.09,7,1,1434,15,0
2024-03-18T16:00:00,30.72,5,1,739,16,0
2024-03-18T17:00:00,76.62,12,1,2121,17,0
2024-03-18T18:00:00,13.44,4,0,826,18,0
2024-03-18T19:00:00,13.82,1,0,1738,19,0
2024-03-18T20:00:00,36.31,7,1,2393,20,0
2024-03-18T21:00:00,930.65,1,1,1366,21,0
2024-03-18T22:00:00,112.93,4,1,1871,22,0
2024-03-18T23:00:00,800.56,6,1,1249,23,0
2024-03-19T00:00:00,22.29,5,1,406,0,0
2024-03-19T01:00:00,34.4,3,1,2339,1,0
2024-03-19T02:00:00,17.63,8,1,1803,2,0
2024-03-19T03:00:00,191.79,10,1,2293,3,0
2024-03-19T04:00:00,15.13,4,1,1582,4,0
2024-03-19T05:00:00,60.67,6,1,453,5,0
2024-03-19T06:00:00,171.01,8,1,302,6,0
2024-03-19T07:00:00,9.25,1,1,140,7,0
2024-03-19T08:00:00,133.17,8,1,1016,8,0
2024-03-19T09:00:00,598.57,10,1,2421,9,0
2024-03-19T10:00:00,436.96,4,1,1762,10,0
2024-03-19T11:00:00,20.09,2,1,1466,11,0
2024-03-19T12:00:00,15.1,8,1,383,12,0
2024-03-19T13:00:00,87.15,8,1,2141,13,0
2024-03-19T14:00:00,65.6,4,1,1836,14,0
2024-03-19T15:00:00,576.98,3,0,1446,15,0
2024-03-19T16:00:00,268.04,9,1,1201,16,0
2024-03-19T17:00:00,528.9,4,1,1891,17,0
2024-03-19T18:00:00,473.45,3,1,2335,18,0
2024-03-19T19:00:00,48.35,12,1,429,19,0
2024-03-19T20:00:00,233.58,12,1,2450,20,0
2024-03-19T21:00:00,18.47,7,1,2046,21,0
2024-03-19T22:00:00,836.48,11,1,1092,22,0
2024-03-19T23:00:00,578.11,5,1,1791,23,0
2024-03-20T00:00:00,338.84,10,1,278,0,0
2024-03-20T01:00:00,171.67,10,1,1465,1,0
2024-03-20T02:00:00,325.91,8,1,1267,2,0
2024-03-20T03:00:00,717.73,7,1,282,3,0
2024-03-20T04:00:00,21.83,6,1,1779,4,0
2024-03-20T05:00:00,136.61,3,1,2248,5,0
2024-03-20T06:00:00,56.26,7,1,900,6,0
2024-03-20T07:00:00,387.93,10,1,1268,7,0
2024-03-20T08:00:00,63.36,11,1,2282,8,0
2024-03-20T09:00:00,785.42,9,1,340,9,0
2024-03-20T10:00:00,74.0,10,1,1997,10,0
2024-03-20T11:00:00,75.61,12,1,1134,11,0
2024-03-20T12:00:00,72.73,6,1,2163,12,0
2024-03-20T13:00:00,36.43,12,1,1095,13,0
2024-03-20T14:00:00,21.16,10,1,602,14,0
2024-03-20T15:00:00,203.78,3,1,1972,15,0
2024-03-20T16:00:00,30.0,7,1,95,16,0
2024-03-20T17:00:00,90.69,9,1,1011,17,0
2024-03-20T18:00:00,11.03,9,1,1717,18,0
2024-03-20T19:00:00,19.6,10,1,1624,19,0
2024-03-20T20:00:00,25.44,12,1,1853,20,0
2024-03-20T21:00:00,194.45,4,1,1879,21,0
2024-03-20T22:00:00,118.23,7,1,2426,22,0
2024-03-20T23:00:00,10.53,9,1,305,23,0
2024-03-21T00:00:00,17.5,12,1,2007,0,0
2024-03-21T01:00:00,185.8,10,1,151,1,0
2024-03-21T02:00:00,817.74,11,1,778,2,0
2024-03-21T03:00:00,418.9,3,1,628,3,0
2024-03-21T04:00:00,67.31,11,1,278,4,0
2024-03-21T05:00:00,245.7,4,1,116,5,0
2024-03-21T06:00:00,24.47,8,1,93,6,0
2024-03-21T07:00:00,16.3,11,1,2057,7,0
2024-03-21T08:00:00,579.49,2,1,1674,8,0
2024-03-21T09:00:00,224.11,8,1,921,9,0
2024-03-21T10:00:00,529.14,11,1,136,10,0
2024-03-21T11:00:00,14.83,3,1,527,11,0
2024-03-21T12:00:00,82.15,7,1,757,12,0
2024-03-21T13:00:00,48.22,11,1,757,13,0
2024-03-21T14:00:00,311.14,11,1,1745,14,0
2024-03-21T15:00:00,11.53,2,1,2289,15,0
2024-03-21T16:00:00,28.43,4,1,65,16,0
2024-03-21T17:00:00,95.25,4,1,1658,17,0
2024-03-21T18:00:00,13.01,7,1,1505,18,0
2024-03-21T19:00:00,370.74,4,1,1597,19,0
2024-03-21T20:00:00,896.51,9,1,2158,20,0
2024-03-21T21:00:00,65.66,1,1,921,21,0
2024-03-21T22:00:00,258.91,4,1,108,22,0
2024-03-21T23:00:00,239.43,3,1,2217,23,0
2024-03-22T00:00:00,136.87,1,1,523,0,0
2024-03-22T01:00:00,954.04,5,1,1143,1,0
2024-03-22T02:00:00,50.58,2,1,1410,2,0
2024-03-22T03:00:00,371.66,3,0,2413,3,0
2024-03-22T04:00:00,825.25,11,1,1846,4,0
2024-03-22T05:00:00,73.44,11,1,1593,5,0
2024-03-22T06:00:00,29.24,10,1,643,6,0
2024-03-22T07:00:00,30.29,4,0,2407,7,0
2024-03-22T08:00:00,240.32,10,1,2012,8,0
2024-03-22T09:00:00,171.72,3,1,2443,9,0
2024-03-22T10:00:00,184.97,4,1,653,10,0
2024-03-22T11:00:00,59.39,12,1,900,11,0
2024-03-22T12:00:00,631.3,7,1,373,12,0
2024-03-22T13:00:00,107.3,6,1,2439,13,0
2024-03-22T14:00:00,84.09,1,1,425,14,0
2024-03-22T15:00:00,499.52,8,1,2052,15,0
2024-03-22T16:00:00,559.91,1,1,1282,16,0
2024-03-22T17:00:00,17.33,6,1,1018,17,0
2024-03-22T18:00:00,10.21,9,1,231,18,0
2024-03-22T19:00:00,13.61,12,1,151,19,0
2024-03-22T20:00:00,535.77,11,1,1364,20,0
2024-03-22T21:00:00,81.59,6,1,1922,21,0
2024-03-22T22:00:00,146.66,4,1,1380,22,0
2024-03-22T23:00:00,25.74,1,1,1611,23,0
2024-03-23T00:00:00,55.51,1,1,2103,0,0
2024-03-23T01:00:00,407.8,11,1,158,1,0
2024-03-23T02:00:00,40.44,3,1,1544,2,0
2024-03-23T03:00:00,247.88,12,1,283,3,0
2024-03-23T04:00:00,26.1,5,1,1335,4,0
2024-03-23T05:00:00,792.14,11,1,1627,5,0
2024-03-23T06:00:00,17.94,8,1,322,6,0
2024-03-23T07:00:00,107.83,6,1,1786,7,0
2024-03-23T08:00:00,889.57,2,1,2185,8,0
2024-03-23T09:00:00,34.7,10,1,2425,9,0
2024-03-23T10:00:00,142.99,9,1,1779,10,0
2024-03-23T11:00:00,150.83,7,1,1556,11,0
2024-03-23T12:00:00,873.47,10,1,1111,12,0
2024-03-23T13:00:00,38.29,10,1,1601,13,1
2024-03-23T14:00:00,598.82,11,1,303,14,0
2024-03-23T15:00:00,850.44,10,1,2168,15,0
2024-03-23T16:00:00,142.22,3,0,2439,16,0
2024-03-23T17:00:00,909.14,6,1,870,17,0
2024-03-23T18:00:00,1045.62,4,1,971,18,0
2024-03-23T19:00:00,104.78,3,1,1531,19,0
2024-03-23T20:00:00,142.93,7,1,1386,20,0
2024-03-23T21:00:00,559.31,11,1,358,21,0
2024-03-23T22:00:00,321.64,9,1,1419,22,0
2024-03-23T23:00:00,173.02,3,1,1077,23,0
2024-03-24T00:00:00,146.48,12,1,1146,0,0
2024-03-24T01:00:00,20.45,10,0,942,1,0
2024-03-24T02:00:00,612.24,6,1,2429,2,0
2024-03-24T03:00:00,223.97,7,1,2021,3,0
2024-03-24T04:00:00,161.8,2,1,972,4,0
2024-03-24T05:00:00,231.97,4,0,1731,5,0
2024-03-24T06:00:00,911.82,5,1,2195,6,0
2024-03-24T07:00:00,233.72,6,1,746,7,0
2024-03-24T08:00:00,1078.28,6,1,2223,8,0
2024-03-24T09:00:00,1044.07,4,1,2088,9,0
2024-03-24T10:00:00,21.56,10,1,1520,10,0
2024-03-24T11:00:00,255.81,11,1,1048,11,0
2024-03-24T12:00:00,1081.03,5,1,1839,12,0
2024-03-24T13:00:00,291.56,12,0,951,13,0
2024-03-24T14:00:00,399.14,6,0,411,14,0
2024-03-24T15:00:00,203.34,1,1,1020,15,0
2024-03-24T16:00:00,1002.41,1,1,1814,16,0
2024-03-24T17:00:00,11.88,10,1,2459,17,0
2024-03-24T18:00:00,704.86,12,1,1404,18,0
2024-03-24T19:00:00,26.78,2,1,2464,19,0
2024-03-24T20:00:00,119.38,10,1,885,20,0
2024-03-24T21:00:00,610.62,5,1,1564,21,0
2024-03-24T22:00:00,35.06,9,1,609,22,0
2024-03-24T23:00:00,16.44,6,1,788,23,0
2024-03-25T00:00:00,276.48,8,1,2198,0,0
2024-03-25T01:00:00,718.93,2,1,597,1,0
2024-03-25T02:00:00,111.5,5,1,1170,2,0
2024-03-25T03:00:00,27.85,11,1,1885,3,0
2024-03-25T04:00:00,625.49,9,1,558,4,0
2024-03-25T05:00:00,73.03,4,1,111,5,0
2024-03-25T06:00:00,252.75,6,1,1816,6,0
2024-03-25T07:00:00,54.13,1,1,2285,7,0
2024-03-25T08:00:00,13.4,11,1,1977,8,0
2024-03-25T09:00:00,26.8,12,1,36,9,0
2024-03-25T10:00:00,20.28,7,1,2308,10,0
2024-03-25T11:00:00,45.32,12,1,1093,11,0
2024-03-25T12:00:00,26.4,11,1,428,12,0
2024-03-25T13:00:00,50.68,2,1,514,13,0
2024-03-25T14:00:00,265.57,11,1,1813,14,0
2024-03-25T15:00:00,527.26,7,1,1848,15,0
2024-03-25T16:00:00,114.05,12,1,2418,16,0
2024-03-25T17:00:00,122.66,11,1,130,17,0
2024-03-25T18:00:00,28.34,3,1,1641,18,0
2024-03-25T19:00:00,17.48,9,1,1177,19,0
2024-03-25T20:00:00,24.13,10,1,2381,20,0
2024-03-25T21:00:00,115.02,10,0,2374,21,0
2024-03-25T22:00:00,80.24,9,1,974,22,0
2024-03-25T23:00:00,9.22,3,1,1522,23,0
2024-03-26T00:00:00,17.22,7,1,12,0,0
2024-03-26T01:00:00,92.54,1,1,2424,1,0
2024-03-26T02:00:00,11.66,8,1,205,2,0
2024-03-26T03:00:00,42.67,8,1,1350,3,0
2024-03-26T04:00:00,33.34,1,1,2350,4,0
2024-03-26T05:00:00,14.22,1,1,1454,5,0
2024-03-26T06:00:00,50.44,5,1,1424,6,0
2024-03-26T07:00:00,42.03,4,1,987,7,0
2024-03-26T08:00:00,394.76,9,1,1943,8,0
2024-03-26T09:00:00,58.82,9,1,1047,9,0
2024-03-26T10:00:00,21.74,4,1,137,10,0
2024-03-26T11:00:00,673.78,9,1,1211,11,0
2024-03-26T12:00:00,817.72,7,1,2425,12,0
2024-03-26T13:00:00,512.64,7,1,389,13,0
2024-03-26T14:00:00,102.66,8,1,2404,14,0
2024-03-26T15:00:00,36.31,11,1,1179,15,0
2024-03-26T16:00:00,644.14,3,1,493,16,0
2024-03-26T17:00:00,9.34,11,1,402,17,0
2024-03-26T18:00:00,46.48,5,1,872,18,0
2024-03-26T19:00:00,10.11,6,1,1039,19,0
2024-03-26T20:00:00,1085.19,9,1,1328,20,0
2024-03-26T21:00:00,13.15,12,1,918,21,0
2024-03-26T22:00:00,9.79,11,1,2147,22,0
2024-03-26T23:00:00,809.12,8,1,1687,23,0
2024-03-27T00:00:00,466.25,6,1,1238,0,0
2024-03-27T01:00:00,997.87,5,1,757,1,0
2024-03-27T02:00:00,63.92,6,1,2193,2,0
2024-03-27T03:00:00,37.37,10,1,903,3,0
2024-03-27T04:00:00,82.06,4,0,1140,4,0
2024-03-27T05:00:00,103.39,11,1,1240,5,0
2024-03-27T06:00:00,87.53,5,1,1392,6,0
2024-03-27T07:00:00,35.04,5,1,1381,7,0
2024-03-27T08:00:00,257.77,10,1,1795,8,0
2024-03-27T09:00:00,117.98,5,1,931,9,0
2024-03-27T10:00:00,9.77,7,1,2450,10,0
2024-03-27T11:00:00,21.39,9,1,1928,11,0
2024-03-27T12:00:00,356.34,4,1,2426,12,0
2024-03-27T13:00:00,27.34,2,1,852,13,0
2024-03-27T14:00:00,18.68,8,1,377,14,0
2024-03-27T15:00:00,650.2,10,1,946,15,0
2024-03-27T16:00:00,46.58,12,1,1693,16,0
2024-03-27T17:00:00,94.09,7,1,293,17,0
2024-03-27T18:00:00,640.26,1,1,799,18,0
2024-03-27T19:00:00,24.07,5,1,1084,19,0
2024-03-27T20:00:00,228.49,3,0,355,20,0
2024-03-27T21:00:00,25.85,2,1,1918,21,0
2024-03-27T22:00:00,119.3,11,1,1187,22,0
2024-03-27T23:00:00,303.01,9,1,477,23,0
2024-03-28T00:00:00,49.14,9,1,1415,0,0
2024-03-28T01:00:00,108.84,10,1,2132,1,0
2024-03-28T02:00:00,1021.23,9,1,1014,2,0
2024-03-28T03:00:00,296.76,7,1,1354,3,0
2024-03-28T04:00:00,13.49,12,1,2466,4,0
2024-03-28T05:00:00,9.98,3,1,2129,5,0
2024-03-28T06:00:00,528.94,2,1,1888,6,0
2024-03-28T07:00:00,214.26,4,1,279,7,0
2024-03-28T08:00:00,181.04,7,1,1997,8,0
2024-03-28T09:00:00,79.96,11,1,436,9,0
2024-03-28T10:00:00,13.05,12,1,1571,10,0
2024-03-28T11:00:00,19.73,4,0,2257,11,0
2024-03-28T12:00:00,12.99,3,1,2410,12,0
2024-03-28T13:00:00,24.76,2,1,407,13,0
2024-03-28T14:00:00,56.79,11,1,443,14,0
2024-03-28T15:00:00,467.04,6,1,77,15,0
2024-03-28T16:00:00,163.72,5,1,2465,16,0
2024-03-28T17:00:00,139.41,1,1,9,17,0
2024-03-28T18:00:00,65.52,11,1,246,18,0
2024-03-28T19:00:00,44.2,11,1,1857,19,0
2024-03-28T20:00:00,88.96,6,1,26,20,0
2024-03-28T21:00:00,1001.33,1,1,1410,21,0
2024-03-28T22:00:00,66.12,11,1,1111,22,0
2024-03-28T23:00:00,9.61,8,1,2194,23,0
2024-04-01T00:00:00,35.77,10,1,270,0,0
2024-04-01T01:00:00,143.03,6,1,2359,1,0
2024-04-01T02:00:00,59.6,6,1,708,2,0
2024-04-01T03:00:00,913.69,3,1,1203,3,0
2024-04-01T04:00:00,172.39,5,1,50,4,0
2024-04-01T05:00:00,12.85,1,1,367,5,0
2024-04-01T06:00:00,107.03,1,1,197,6,0
2024-04-01T07:00:00,15.13,10,1,258,7,0
2024-04-01T08:00:00,23.95,2,1,1897,8,0
2024-04-01T09:00:00,163.88,9,1,675,9,0
2024-04-01T10:00:00,71.98,9,1,1203,10,0
2024-04-01T11:00:00,64.96,3,1,1884,11,0
2024-04-01T12:00:00,107.71,8,1,189,12,0
2024-04-01T13:00:00,928.38,3,1,529,13,0
2024-04-01T14:00:00,403.1,3,1,1264,14,0
2024-04-01T15:00:00,120.1,11,1,83,15,0
2024-04-01T16:00:00,248.96,1,1,1083,16,0
2024-04-01T17:00:00,16.88,4,1,107,17,0
2024-04-01T18:00:00,360.16,3,1,2015,18,0
2024-04-01T19:00:00,44.23,9,1,1515,19,0
2024-04-01T20:00:00,642.56,10,1,1599,20,0
2024-04-01T21:00:00,13.49,11,1,1184,21,0
2024-04-01T22:00:00,45.76,3,1,1413,22,0
2024-04-01T23:00:00,47.13,3,1,2495,23,0
2024-04-02T00:00:00,79.23,1,1,1871,0,0
2024-04-02T01:00:00,34.48,2,1,1541,1,0
2024-04-02T02:00:00,15.04,9,0,570,2,0
2024-04-02T03:00:00,11.26,2,1,1196,3,0
2024-04-02T04:00:00,401.87,7,1,515,4,0
2024-04-02T05:00:00,11.52,2,1,1864,5,0
2024-04-02T06:00:00,28.89,1,1,1675,6,0
2024-04-02T07:00:00,66.66,8,1,2324,7,0
2024-04-02T08:00:00,11.33,1,1,2045,8,0
2024-04-02T09:00:00,759.05,6,1,625,9,0
2024-04-02T10:00:00,41.15,9,1,1488,10,0
2024-04-02T11:00:00,13.98,4,1,1769,11,0
2024-04-02T12:00:00,107.02,4,0,1720,12,0
2024-04-02T13:00:00,9.69,7,1,2231,13,0
2024-04-02T14:00:00,315.8,8,1,2089,14,0
2024-04-02T15:00:00,227.28,2,1,1217,15,0
2024-04-02T16:00:00,44.15,5,1,581,16,0
2024-04-02T17:00:00,18.92,1,0,1858,17,0
2024-04-02T18:00:00,189.51,11,1,721,18,0
2024-04-02T19:00:00,19.76,3,1,808,19,0
2024-04-02T20:00:00,968.01,8,0,2470,20,0
2024-04-02T21:00:00,478.34,12,1,1634,21,0
2024-04-02T22:00:00,10.99,7,1,911,22,0
2024-04-02T23:00:00,18.76,3,0,1214,23,0
2024-04-03T00:00:00,52.34,2,1,2156,0,0
2024-04-03T01:00:00,127.82,8,1,2446,1,0
2024-04-03T02:00:00,120.73,6,1,1500,2,0
2024-04-03T03:00:00,993.08,1,1,2480,3,0
2024-04-03T04:00:00,109.4,7,0,1955,4,0
2024-04-03T05:00:00,105.68,2,1,660,5,0
2024-04-03T06:00:00,42.35,4,1,432,6,0
2024-04-03T07:00:00,40.48,10,1,503,7,0
2024-04-03T08:00:00,118.38,3,1,1219,8,0
2024-04-03T09:00:00,18.14,12,1,2318,9,0
2024-04-03T10:00:00,224.53,5,1,1338,10,0
2024-04-03T11:00:00,208.59,5,1,1391,11,0
2024-04-03T12:00:00,12.99,7,1,2436,12,0
2024-04-03T13:00:00,210.71,5,1,505,13,0
2024-04-03T14:00:00,973.1,1,1,1393,14,0
2024-04-03T15:00:00,138.0,1,1,185,15,0
2024-04-03T16:00:00,13.92,11,1,394,16,0
2024-04-03T17:00:00,10.63,3,1,2387,17,0
2024-04-03T18:00:00,193.76,7,1,1447,18,0
2024-04-03T19:00:00,501.59,7,1,2297,19,0
2024-04-03T20:00:00,30.93,5,1,1509,20,0
2024-04-03T21:00:00,255.66,7,1,719,21,0
2024-04-03T22:00:00,496.98,2,1,1330,22,0
2024-04-03T23:00:00,140.74,10,1,1383,23,0
2024-04-04T00:00:00,63.18,6,1,1931,0,0
2024-04-04T01:00:00,632.11,5,1,1042,1,0
2024-04-04T02:00:00,333.57,10,1,1965,2,0
2024-04-04T03:00:00,19.78,4,1,1149,3,0
2024-04-04T04:00:00,209.61,5,1,2438,4,0
2024-04-04T05:00:00,183.48,11,1,513,5,0
2024-04-04T06:00:00,284.21,7,1,2486,6,0
2024-04-04T07:00:00,404.87,3,1,990,7,0
2024-04-04T08:00:00,32.68,1,1,2264,8,0
2024-04-04T09:00:00,16.89,10,1,57,9,0
2024-04-04T10:00:00,198.42,7,1,1859,10,0
2024-04-04T11:00:00,23.02,1,1,630,11,0
2024-04-04T12:00:00,40.69,9,1,1950,12,0
2024-04-04T13:00:00,572.0,6,1,798,13,0
2024-04-04T14:00:00,460.39,6,1,2382,14,0
2024-04-04T15:00:00,470.03,5,1,1222,15,0
2024-04-04T16:00:00,48.6,9,1,421,16,0
2024-04-04T17:00:00,130.99,12,1,536,17,0
2024-04-04T18:00:00,83.01,8,1,1124,18,0
2024-04-04T19:00:00,106.6,6,1,886,19,0
2024-04-04T20:00:00,42.77,4,1,814,20,0
2024-04-04T21:00:00,883.28,4,0,2297,21,0
2024-04-04T22:00:00,766.3,1,1,1647,22,0
2024-04-04T23:00:00,11.98,10,1,1995,23,0
2024-04-05T00:00:00,79.03,5,1,414,0,0
2024-04-05T01:00:00,289.46,10,1,107,1,0
2024-04-05T02:00:00,53.55,1,1,1355,2,0
2024-04-05T03:00:00,372.34,1,1,929,3,0
2024-04-05T04:00:00,448.2,4,1,1797,4,0
2024-04-05T05:00:00,867.7,4,0,2285,5,0
2024-04-05T06:00:00,33.98,7,1,2031,6,0
2024-04-05T07:00:00,87.22,1,1,756,7,0
2024-04-05T08:00:00,93.91,8,1,2319,8,0
2024-04-05T09:00:00,19.55,12,1,830,9,0
2024-04-05T10:00:00,184.8,4,1,185,10,0
2024-04-05T11:00:00,20.07,12,1,1932,11,0
2024-04-05T12:00:00,113.89,3,1,583,12,0
2024-04-05T13:00:00,726.8,10,1,1475,13,0
2024-04-05T14:00:00,41.33,8,1,185,14,0
2024-04-05T15:00:00,381.59,5,1,690,15,0
2024-04-05T16:00:00,142.42,2,0,396,16,0
2024-04-05T17:00:00,9.25,5,1,871,17,0
2024-04-05T18:00:00,21.37,5,1,1488,18,0
2024-04-05T19:00:00,63.94,3,1,2013,19,0
2024-04-05T20:00:00,623.05,12,1,745,20,0
2024-04-05T21:00:00,322.23,9,1,722,21,0
2024-04-05T22:00:00,29.09,10,1,815,22,0
2024-04-05T23:00:00,42.91,2,1,2095,23,0
2024-04-06T00:00:00,51.38,7,1,564,0,0
2024-04-06T01:00:00,163.04,1,1,2245,1,0
2024-04-06T02:00:00,97.5,10,1,2330,2,0
2024-04-06T03:00:00,572.59,11,0,891,3,0
2024-04-06T04:00:00,558.29,9,1,1688,4,0
2024-04-06T05:00:00,137.7,6,1,1626,5,0
2024-04-06T06:00:00,88.32,7,0,2358,6,0
2024-04-06T07:00:00,131.15,5,1,1318,7,0
2024-04-06T08:00:00,23.8,7,1,1838,8,0
2024-04-06T09:00:00,54.24,8,1,57,9,0
2024-04-06T10:00:00,47.83,10,1,1784,10,0
2024-04-06T11:00:00,219.63,12,1,67,11,0
2024-04-06T12:00:00,118.34,7,1,2214,12,0
2024-04-06T13:00:00,90.27,7,1,1342,13,0
2024-04-06T14:00:00,183.02,7,1,2401,14,0
2024-04-06T15:00:00,883.75,1,1,432,15,0
2024-04-06T16:00:00,38.92,5,1,361,16,0
2024-04-06T17:00:00,154.54,1,0,1981,17,0
2024-04-06T18:00:00,9.49,6,1,1224,18,0
2024-04-06T19:00:00,29.93,10,1,1857,19,0
2024-04-06T20:00:00,431.79,5,1,1678,20,0
2024-04-06T21:00:00,31.08,11,1,1240,21,0
2024-04-06T22:00:00,120.53,6,0,1452,22,0
2024-04-06T23:00:00,106.58,5,1,391,23,0
2024-04-07T00:00:00,524.92,5,1,2102,0,0
2024-04-07T01:00:00,396.33,2,1,2120,1,0
2024-04-07T02:00:00,47.21,8,1,2413,2,0
2024-04-07T03:00:00,70.98,11,1,2325,3,0
2024-04-07T04:00:00,184.84,9,1,610,4,0
2024-04-07T05:00:00,305.52,6,1,1164,5,0
2024-04-07T06:00:00,210.78,1,1,1355,6,0
2024-04-07T07:00:00,264.22,6,1,1489,7,0
2024-04-07T08:00:00,10.24,5,0,1670,8,0
2024-04-07T09:00:00,758.58,8,1,261,9,0
2024-04-07T10:00:00,85.75,5,0,633,10,0
2024-04-07T11:00:00,188.14,12,1,1570,11,0
2024-04-07T12:00:00,25.11,8,1,733,12,0
2024-04-07T13:00:00,48.93,11,1,1982,13,0
2024-04-07T14:00:00,1094.86,9,0,689,14,0
2024-04-07T15:00:00,124.33,4,1,401,15,0
2024-04-07T16:00:00,18.39,1,1,1904,16,0
2024-04-07T17:00:00,1070.83,4,1,1012,17,0
2024-04-07T18:00:00,451.31,2,1,1394,18,0
2024-04-07T19:00:00,391.76,8,1,1264,19,0
2024-04-07T20:00:00,42.3,10,1,819,20,0
2024-04-07T21:00:00,24.2,3,1,1034,21,0
2024-04-07T22:00:00,17.87,9,1,1889,22,0
2024-04-07T23:00:00,14.69,7,1,182,23,0
2024-04-08T00:00:00,20.4,3,1,1859,0,0
2024-04-08T01:00:00,19.3,3,1,799,1,0
2024-04-08T02:00:00,81.26,11,1,1972,2,0
2024-04-08T03:00:00,316.68,2,1,1657,3,0
2024-04-08T04:00:00,16.3,9,1,899,4,0
2024-04-08T05:00:00,110.51,1,1,522,5,0
2024-04-08T06:00:00,74.49,3,1,1690,6,0
2024-04-08T07:00:00,969.35,8,1,1554,7,0
2024-04-08T08:00:00,314.69,2,1,156,8,0
2024-04-08T09:00:00,14.78,2,1,932,9,0
2024-04-08T10:00:00,80.81,8,0,1189,10,0
2024-04-08T11:00:00,96.42,12,1,867,11,0
2024-04-08T12:00:00,68.05,2,1,1109,12,0
2024-04-08T13:00:00,415.62,5,1,2431,13,0
2024-04-08T14:00:00,14.68,8,1,750,14,0
2024-04-08T15:00:00,47.97,5,1,1042,15,0
2024-04-08T16:00:00,579.61,4,1,1229,16,0
2024-04-08T17:00:00,99.3,5,1,634,17,0
2024-04-08T18:00:00,45.02,6,1,1400,18,0
2024-04-08T19:00:00,27.13,1,1,1067,19,0
2024-04-08T20:00:00,137.22,5,1,713,20,0
2024-04-08T21:00:00,396.54,1,1,2102,21,0
2024-04-08T22:00:00,453.69,6,1,1353,22,0
2024-04-08T23:00:00,65.87,8,1,222,23,0
2024-04-09T00:00:00,52.24,6,1,1627,0,0
2024-04-09T01:00:00,82.5,5,1,1601,1,0
2024-04-09T02:00:00,856.14,8,1,855,2,1
2024-04-09T03:00:00,146.29,4,1,661,3,0
2024-04-09T04:00:00,386.6,11,1,1978,4,0
2024-04-09T05:00:00,1004.92,3,1,796,5,0
2024-04-09T06:00:00,605.09,5,1,909,6,0
2024-04-09T07:00:00,179.34,6,1,1904,7,0
2024-04-09T08:00:00,832.85,8,1,2158,8,0
2024-04-09T09:00:00,138.65,10,1,2454,9,0
2024-04-09T10:00:00,13.49,8,1,2334,10,0
2024-04-09T11:00:00,243.09,8,0,1958,11,0
2024-04-09T12:00:00,892.99,2,1,1644,12,0
2024-04-09T13:00:00,999.59,2,1,15,13,0
2024-04-09T14:00:00,18.94,8,1,1874,14,0
2024-04-09T15:00:00,17.87,12,1,339,15,0
2024-04-09T16:00:00,27.86,2,1,2473,16,0
2024-04-09T17:00:00,415.21,8,1,1619,17,0
2024-04-09T18:00:00,99.65,4,1,1730,18,0
2024-04-09T19:00:00,110.09,4,1,1178,19,0
2024-04-09T20:00:00,305.1,7,1,861,20,0
2024-04-09T21:00:00,706.81,5,1,1574,21,0
2024-04-09T22:00:00,13.5,5,1,353,22,0
2024-04-09T23:00:00,368.09,9,1,2323,23,0
2024-04-10T00:00:00,145.38,9,1,1972,0,0
2024-04-10T01:00:00,136.75,8,1,2338,1,0
2024-04-10T02:00:00,118.94,5,1,908,2,0
2024-04-10T03:00:00,785.23,4,1,1158,3,0
2024-04-10T04:00:00,192.75,6,1,1831,4,0
2024-04-10T05:00:00,225.04,2,1,1668,5,0
2024-04-10T06:00:00,64.51,11,1,1250,6,0
2024-04-10T07:00:00,18.67,9,1,2460,7,0
2024-04-10T08:00:00,9.07,11,1,1095,8,0
2024-04-10T09:00:00,70.34,4,1,539,9,0
2024-04-10T10:00:00,681.38,10,1,1410,10,0
2024-04-10T11:00:00,18.39,10,0,829,11,0
2024-04-10T12:00:00,907.21,10,1,2440,12,0
2024-04-10T13:00:00,9.6,2,1,515,13,0
2024-04-10T14:00:00,11.08,9,1,2119,14,0
2024-04-10T15:00:00,21.82,2,1,1038,15,0
2024-04-10T16:00:00,29.34,9,1,864,16,0
2024-04-10T17:00:00,414.87,5,1,1779,17,0
2024-04-10T18:00:00,10.78,8,1,1932,18,0
2024-04-10T19:00:00,321.75,9,1,2470,19,0
2024-04-10T20:00:00,303.6,1,1,391,20,0
2024-04-10T21:00:00,426.09,3,1,107,21,0
2024-04-10T22:00:00,184.9,7,1,1833,22,0
2024-04-10T23:00:00,37.41,8,1,977,23,0
2024-04-11T00:00:00,896.38,10,1,375,0,0
2024-04-11T01:00:00,87.2,2,1,2310,1,0
2024-04-11T02:00:00,460.55,7,0,2031,2,0
2024-04-11T03:00:00,91.46,11,1,240,3,0
2024-04-11T04:00:00,162.42,7,1,122,4,1
2024-04-11T05:00:00,172.02,4,1,352,5,0
2024-04-11T06:00:00,11.02,11,0,1777,6,0
2024-04-11T07:00:00,179.82,8,1,932,7,0
2024-04-11T08:00:00,35.77,4,1,2247,8,0
2024-04-11T09:00:00,690.59,10,1,1508,9,0
2024-04-11T10:00:00,147.22,8,1,2326,10,0
2024-04-11T11:00:00,164.4,3,1,1642,11,0
2024-04-11T12:00:00,200.43,4,1,2495,12,0
2024-04-11T13:00:00,156.76,10,1,78,13,0
2024-04-11T14:00:00,195.98,3,1,1655,14,0
2024-04-11T15:00:00,393.71,11,1,1917,15,0
2024-04-11T16:00:00,480.2,11,1,410,16,0
2024-04-11T17:00:00,34.19,11,1,1342,17,0
2024-04-11T18:00:00,895.01,5,1,507,18,0
2024-04-11T19:00:00,177.7,3,1,2328,19,0
2024-04-11T20:00:00,46.91,9,1,2310,20,0
2024-04-11T21:00:00,32.35,5,1,8,21,0
2024-04-11T22:00:00,952.97,1,1,1865,22,0
2024-04-11T23:00:00,631.55,3,1,701,23,0
2024-04-12T00:00:00,518.27,10,0,732,0,0
2024-04-12T01:00:00,418.65,3,1,1673,1,0
2024-04-12T02:00:00,231.49,9,1,1420,2,0
2024-04-12T03:00:00,65.51,2,1,2274,3,0
2024-04-12T04:00:00,236.16,9,1,936,4,0
2024-04-12T05:00:00,11.22,10,1,367,5,0
2024-04-12T06:00:00,83.22,5,1,1098,6,0
2024-04-12T07:00:00,85.72,11,1,266,7,0
2024-04-12T08:00:00,77.2,3,0,245,8,0
2024-04-12T09:00:00,27.3,2,1,359,9,0
2024-04-12T10:00:00,131.56,7,1,1635,10,0
2024-04-12T11:00:00,95.96,3,1,544,11,0
2024-04-12T12:00:00,308.39,4,1,72,12,0
2024-04-12T13:00:00,11.29,1,1,507,13,0
2024-04-12T14:00:00,373.78,2,1,1186,14,0
2024-04-12T15:00:00,890.44,12,1,1338,15,0
2024-04-12T16:00:00,896.52,10,1,1640,16,0
2024-04-12T17:00:00,328.07,8,1,1215,17,0
2024-04-12T18:00:00,91.21,10,1,1787,18,0
2024-04-12T19:00:00,673.02,4,1,195,19,0
2024-04-12T20:00:00,12.81,8,1,1636,20,0
2024-04-12T21:00:00,49.01,8,1,51,21,0
2024-04-12T22:00:00,162.74,12,1,1488,22,0
2024-04-12T23:00:00,151.18,1,1,1437,23,0
2024-04-13T00:00:00,250.29,11,1,168,0,0
2024-04-13T01:00:00,198.44,2,1,1688,1,0
2024-04-13T02:00:00,337.34,2,1,265,2,0
2024-04-13T03:00:00,91.43,2,1,738,3,0
2024-04-13T04:00:00,896.87,6,1,469,4,0
2024-04-13T05:00:00,149.94,7,1,1956,5,0
2024-04-13T06:00:00,592.69,8,1,791,6,0
2024-04-13T07:00:00,805.71,10,1,313,7,0
2024-04-13T08:00:00,30.31,6,1,69,8,0
2024-04-13T09:00:00,721.62,4,1,1114,9,0
2024-04-13T10:00:00,242.05,9,1,90,10,0
2024-04-13T11:00:00,25.67,4,1,546,11,0
2024-04-13T12:00:00,336.72,2,1,1453,12,0
2024-04-13T13:00:00,287.04,8,1,1926,13,0
2024-04-13T14:00:00,22.51,10,1,1849,14,0
2024-04-13T15:00:00,117.47,8,1,823,15,0
2024-04-13T16:00:00,13.12,10,1,2222,16,0
2024-04-13T17:00:00,289.9,6,0,1771,17,0
2024-04-13T18:00:00,113.65,11,1,697,18,0
2024-04-13T19:00:00,29.38,3,1,85,19,0
2024-04-13T20:00:00,561.07,10,1,1687,20,0
2024-04-13T21:00:00,164.91,10,1,79,21,0
2024-04-13T22:00:00,14.99,3,1,1117,22,0
2024-04-13T23:00:00,82.68,8,1,993,23,0
2024-04-14T00:00:00,529.88,1,0,846,0,0
2024-04-14T01:00:00,15.48,5,1,958,1,0
2024-04-14T02:00:00,197.99,8,1,1015,2,0
2024-04-14T03:00:00,410.77,6,1,305,3,0
2024-04-14T04:00:00,173.31,3,1,857,4,0
2024-04-14T05:00:00,158.08,2,1,1838,5,0
2024-04-14T06:00:00,10.83,1,1,2141,6,0
2024-04-14T07:00:00,16.61,12,1,377,7,0
2024-04-14T08:00:00,53.14,4,1,1641,8,0
2024-04-14T09:00:00,66.27,5,1,767,9,0
2024-04-14T10:00:00,164.61,7,1,2079,10,0
2024-04-14T11:00:00,665.1,9,1,2366,11,0
2024-04-14T12:00:00,17.88,3,1,1151,12,0
2024-04-14T13:00:00,87.88,6,1,2484,13,0
2024-04-14T14:00:00,74.98,11,1,364,14,0
2024-04-14T15:00:00,23.15,7,1,1238,15,0
2024-04-14T16:00:00,194.89,6,1,1943,16,0
2024-04-14T17:00:00,9.84,5,1,2061,17,0
2024-04-14T18:00:00,31.75,2,1,37,18,0
2024-04-14T19:00:00,42.23,12,1,2486,19,0
2024-04-14T20:00:00,14.78,11,1,2446,20,0
2024-04-14T21:00:00,35.76,7,1,1082,21,0
2024-04-14T22:00:00,612.33,9,0,17,22,0
2024-04-14T23:00:00,71.34,2,1,53,23,0
2024-04-15T00:00:00,155.67,6,1,73,0,0
2024-04-15T01:00:00,371.77,4,1,1299,1,0
2024-04-15T02:00:00,37.42,7,1,164,2,0
2024-04-15T03:00:00,154.76,3,1,2380,3,0
2024-04-15T04:00:00,10.32,9,1,203,4,0
2024-04-15T05:00:00,15.5,11,1,683,5,0
2024-04-15T06:00:00,26.34,11,1,930,6,0
2024-04-15T07:00:00,33.98,3,1,997,7,0
2024-04-15T08:00:00,32.68,10,0,2124,8,0
2024-04-15T09:00:00,125.23,2,1,2092,9,0
2024-04-15T10:00:00,17.22,12,1,1487,10,0
2024-04-15T11:00:00,68.97,1,1,166,11,0
2024-04-15T12:00:00,212.8,4,1,1457,12,0
2024-04-15T13:00:00,22.59,3,1,1021,13,0
2024-04-15T14:00:00,62.24,8,1,935,14,0
2024-04-15T15:00:00,269.59,11,1,362,15,0
2024-04-15T16:00:00,285.21,7,1,2423,16,0
2024-04-15T17:00:00,566.73,8,1,217,17,0
2024-04-15T18:00:00,571.39,1,0,470,18,0
2024-04-15T19:00:00,15.34,11,1,735,19,0
2024-04-15T20:00:00,10.35,8,1,714,20,0
2024-04-15T21:00:00,11.57,9,1,2098,21,0
2024-04-15T22:00:00,1026.49,1,1,2496,22,0
2024-04-15T23:00:00,41.58,10,1,2007,23,0
2024-04-16T00:00:00,453.64,6,1,1428,0,0
2024-04-16T01:00:00,70.35,5,1,556,1,0
2024-04-16T02:00:00,81.21,11,1,1909,2,0
2024-04-16T03:00:00,107.98,6,1,572,3,0
2024-04-16T04:00:00,357.94,3,1,1880,4,0
2024-04-16T05:00:00,88.21,4,0,1221,5,0
2024-04-16T06:00:00,1046.18,8,1,930,6,0
2024-04-16T07:00:00,19.26,3,1,2163,7,0
2024-04-16T08:00:00,12.67,11,1,2408,8,0
2024-04-16T09:00:00,73.4,8,1,1621,9,0
2024-04-16T10:00:00,705.05,6,1,2167,10,0
2024-04-16T11:00:00,1006.35,12,1,211,11,0
2024-04-16T12:00:00,10.08,2,1,1539,12,0
2024-04-16T13:00:00,76.49,12,1,981,13,0
2024-04-16T14:00:00,90.59,10,1,1070,14,0
2024-04-16T15:00:00,291.68,8,1,944,15,0
2024-04-16T16:00:00,11.3,12,1,668,16,0
2024-04-16T17:00:00,439.07,5,1,581,17,0
2024-04-16T18:00:00,1072.3,3,1,1021,18,0
2024-04-16T19:00:00,29.82,9,1,1910,19,0
2024-04-16T20:00:00,19.81,2,0,1714,20,0
2024-04-16T21:00:00,74.25,9,1,1904,21,0
2024-04-16T22:00:00,72.14,12,1,1874,22,0
2024-04-16T23:00:00,72.9,6,1,143,23,0
2024-04-17T00:00:00,188.97,10,1,803,0,0
2024-04-17T01:00:00,256.74,8,1,200,1,0
2024-04-17T02:00:00,29.6,1,1,137,2,0
2024-04-17T03:00:00,175.39,8,1,2106,3,0
2024-04-17T04:00:00,25.85,11,1,327,4,0
2024-04-17T05:00:00,66.41,6,1,434,5,0
2024-04-17T06:00:00,411.83,8,1,2377,6,0
2024-04-17T07:00:00,10.73,11,1,1475,7,0
2024-04-17T08:00:00,91.44,1,1,49,8,0
2024-04-17T09:00:00,24.52,10,1,2163,9,0
2024-04-17T10:00:00,16.86,10,1,2449,10,0
2024-04-17T11:00:00,211.66,11,1,1959,11,0
2024-04-17T12:00:00,562.89,8,1,1600,12,0
2024-04-17T13:00:00,264.18,5,1,2340,13,0
2024-04-17T14:00:00,23.17,10,1,19,14,0
2024-04-17T15:00:00,158.57,12,1,1363,15,0
2024-04-17T16:00:00,12.63,6,1,103,16,0
2024-04-17T17:00:00,22.33,6,1,1819,17,0
2024-04-17T18:00:00,180.24,1,1,338,18,0
2024-04-17T19:00:00,936.54,3,1,988,19,0
2024-04-17T20:00:00,76.95,7,1,290,20,0
2024-04-17T21:00:00,278.31,1,1,2131,21,0
2024-04-17T22:00:00,1087.65,1,1,443,22,0
2024-04-17T23:00:00,121.15,8,1,621,23,0
2024-04-18T00:00:00,38.06,3,1,193,0,0
2024-04-18T01:00:00,853.97,8,1,1206,1,0
2024-04-18T02:00:00,75.41,12,1,1599,2,0
2024-04-18T03:00:00,142.42,6,1,80,3,0
2024-04-18T04:00:00,158.42,6,1,2126,4,0
2024-04-18T05:00:00,42.13,2,1,2263,5,0
2024-04-18T06:00:00,738.74,1,1,2421,6,0
2024-04-18T07:00:00,67.96,7,0,1269,7,0
2024-04-18T08:00:00,10.01,12,1,1933,8,0
2024-04-18T09:00:00,20.29,8,1,456,9,0
2024-04-18T10:00:00,57.71,12,0,912,10,0
2024-04-18T11:00:00,14.7,4,1,1327,11,0
2024-04-18T12:00:00,18.51,5,1,1126,12,0
2024-04-18T13:00:00,32.04,1,1,83,13,0
2024-04-18T14:00:00,10.77,7,1,579,14,0
2024-04-18T15:00:00,329.36,10,1,1703,15,0
2024-04-18T16:00:00,41.58,2,1,375,16,0
2024-04-18T17:00:00,340.76,7,1,845,17,0
2024-04-18T18:00:00,42.51,4,1,2141,18,0
2024-04-18T19:00:00,34.2,3,1,450,19,0
2024-04-18T20:00:00,230.33,6,1,2246,20,0
2024-04-18T21:00:00,27.05,2,0,2076,21,0
2024-04-18T22:00:00,172.2,4,1,2167,22,0
2024-04-18T23:00:00,37.78,2,1,1576,23,0
2024-04-19T00:00:00,36.5,11,1,1975,0,0
2024-04-19T01:00:00,97.6,12,1,1478,1,0
2024-04-19T02:00:00,711.92,3,1,1971,2,0
2024-04-19T03:00:00,31.61,1,1,879,3,0
2024-04-19T04:00:00,177.94,4,1,1285,4,0
2024-04-19T05:00:00,303.24,4,1,2186,5,0
2024-04-19T06:00:00,15.37,11,1,232,6,0
2024-04-19T07:00:00,34.68,2,1,1613,7,0
2024-04-19T08:00:00,779.47,2,1,2110,8,0
2024-04-19T09:00:00,128.49,1,1,2300,9,0
2024-04-19T10:00:00,102.71,4,1,157,10,0
2024-04-19T11:00:00,11.49,6,1,777,11,0
2024-04-19T12:00:00,28.37,12,1,326,12,0
2024-04-19T13:00:00,566.65,6,1,1061,13,0
2024-04-19T14:00:00,19.47,1,1,1864,14,0
2024-04-19T15:00:00,17.39,1,1,1838,15,0
2024-04-19T16:00:00,39.97,12,1,1236,16,0
2024-04-19T17:00:00,777.32,7,1,992,17,0
2024-04-19T18:00:00,12.98,3,1,1148,18,0
2024-04-19T19:00:00,53.28,1,1,1975,19,0
2024-04-19T20:00:00,73.75,1,1,135,20,0
2024-04-19T21:00:00,867.27,4,1,1382,21,0
2024-04-19T22:00:00,329.94,12,1,504,22,0
2024-04-19T23:00:00,729.27,10,1,2105,23,0
2024-04-20T00:00:00,54.86,12,1,1692,0,0
2024-04-20T01:00:00,379.45,9,1,1720,1,0
2024-04-20T02:00:00,582.98,4,1,1121,2,0
2024-04-20T03:00:00,242.6,11,1,2136,3,0
2024-04-20T04:00:00,609.46,1,1,138,4,0
2024-04-20T05:00:00,356.1,12,1,1331,5,0
2024-04-20T06:00:00,335.26,5,1,1026,6,0
2024-04-20T07:00:00,16.33,3,0,871,7,0
2024-04-20T08:00:00,556.93,12,1,2443,8,0
2024-04-20T09:00:00,93.29,6,1,659,9,0
2024-04-20T10:00:00,797.34,11,1,2103,10,0
2024-04-20T11:00:00,110.16,4,1,319,11,0
2024-04-20T12:00:00,18.37,3,1,2497,12,0
2024-04-20T13:00:00,338.5,11,1,1267,13,0
2024-04-20T14:00:00,43.03,7,1,1507,14,0
2024-04-20T15:00:00,270.42,1,1,2138,15,0
2024-04-20T16:00:00,31.67,9,1,461,16,0
2024-04-20T17:00:00,14.61,10,1,1949,17,0
2024-04-20T18:00:00,55.19,7,1,2309,18,0
2024-04-20T19:00:00,13.02,2,1,741,19,0
2024-04-20T20:00:00,607.79,4,1,1749,20,0
2024-04-20T21:00:00,169.19,8,1,912,21,0
2024-04-20T22:00:00,124.21,3,1,716,22,0
2024-04-20T23:00:00,569.19,1,1,2449,23,0
2024-04-21T00:00:00,103.3,10,1,1774,0,0
2024-04-21T01:00:00,221.33,4,1,1405,1,0
2024-04-21T02:00:00,636.26,11,1,2177,2,0
2024-04-21T03:00:00,108.85,1,1,857,3,0
2024-04-21T04:00:00,232.59,2,1,1384,4,0
2024-04-21T05:00:00,128.76,5,1,1445,5,0
2024-04-21T06:00:00,48.94,6,1,283,6,0
2024-04-21T07:00:00,473.46,12,1,1539,7,0
2024-04-21T08:00:00,474.73,11,1,540,8,0
2024-04-21T09:00:00,20.18,4,1,1472,9,0
2024-04-21T10:00:00,252.75,12,1,457,10,0
2024-04-21T11:00:00,406.97,4,1,942,11,0
2024-04-21T12:00:00,117.88,8,1,347,12,0
2024-04-21T13:00:00,415.32,1,1,687,13,0
2024-04-21T14:00:00,36.59,6,1,1977,14,0
2024-04-21T15:00:00,129.53,1,1,1553,15,0
2024-04-21T16:00:00,26.49,4,1,1915,16,0
2024-04-21T17:00:00,782.53,10,1,2033,17,0
2024-04-21T18:00:00,162.01,3,1,624,18,0
2024-04-21T19:00:00,158.48,1,1,1447,19,0
2024-04-21T20:00:00,283.76,12,1,2176,20,0
2024-04-21T21:00:00,110.63,6,1,1469,21,0
2024-04-21T22:00:00,33.28,6,1,1460,22,0
2024-04-21T23:00:00,289.01,10,1,884,23,0
2024-04-22T00:00:00,465.81,1,1,1552,0,0
2024-04-22T01:00:00,12.38,4,1,2444,1,0
2024-04-22T02:00:00,487.61,9,1,2277,2,0
2024-04-22T03:00:00,17.11,6,1,2207,3,0
2024-04-22T04:00:00,482.18,11,1,1159,4,0
2024-04-22T05:00:00,230.98,4,1,1971,5,0
2024-04-22T06:00:00,456.66,7,1,2399,6,0
2024-04-22T07:00:00,240.62,12,1,391,7,0
2024-04-22T08:00:00,517.26,11,1,658,8,0
2024-04-22T09:00:00,72.28,2,1,747,9,0
2024-04-22T10:00:00,17.97,7,1,1720,10,0
2024-04-22T11:00:00,160.02,4,0,2283,11,0
2024-04-22T12:00:00,180.46,10,1,531,12,0
2024-04-22T13:00:00,340.3,7,1,1364,13,0
2024-04-22T14:00:00,10.82,5,1,1512,14,0
2024-04-22T15:00:00,306.32,7,1,1711,15,0
2024-04-22T16:00:00,121.78,8,1,336,16,0
2024-04-22T17:00:00,724.98,8,1,253,17,0
2024-04-22T18:00:00,125.97,8,1,2193,18,0
2024-04-22T19:00:00,24.57,5,1,84,19,0
2024-04-22T20:00:00,18.03,1,0,1588,20,0
2024-04-22T21:00:00,16.94,5,1,2112,21,0
2024-04-22T22:00:00,62.77,11,1,1958,22,0
2024-04-22T23:00:00,70.81,8,1,2026,23,0
2024-04-23T00:00:00,136.27,5,1,580,0,0
2024-04-23T01:00:00,16.91,8,1,1562,1,0
2024-04-23T02:00:00,458.42,1,1,587,2,0
2024-04-23T03:00:00,758.16,3,1,607,3,0
2024-04-23T04:00:00,16.73,7,1,2325,4,0
2024-04-23T05:00:00,295.44,9,1,1222,5,0
2024-04-23T06:00:00,343.82,8,1,632,6,0
2024-04-23T07:00:00,73.42,1,1,219,7,0
2024-04-23T08:00:00,377.0,7,1,747,8,0
2024-04-23T09:00:00,116.04,7,1,127,9,0
2024-04-23T10:00:00,253.28,8,1,2485,10,0
2024-04-23T11:00:00,23.96,6,1,1403,11,0
2024-04-23T12:00:00,23.46,8,1,917,12,0
2024-04-23T13:00:00,286.95,10,1,2017,13,0
2024-04-23T14:00:00,182.31,8,1,2151,14,0
2024-04-23T15:00:00,12.97,11,1,2014,15,0
2024-04-23T16:00:00,10.75,12,1,528,16,0
2024-04-23T17:00:00,57.76,8,0,2370,17,0
2024-04-23T18:00:00,87.1,3,1,2473,18,0
2024-04-23T19:00:00,108.42,6,1,2408,19,0
2024-04-23T20:00:00,439.53,2,1,909,20,0
2024-04-23T21:00:00,56.62,2,1,731,21,0
2024-04-23T22:00:00,36.15,2,1,1236,22,0
2024-04-23T23:00:00,75.28,6,1,1550,23,0
2024-04-24T00:00:00,46.18,5,1,2310,0,0
2024-04-24T01:00:00,270.54,9,1,291,1,0
2024-04-24T02:00:00,254.94,9,1,1648,2,0
2024-04-24T03:00:00,399.19,8,1,52,3,0
2024-04-24T04:00:00,19.98,4,1,584,4,0
2024-04-24T05:00:00,46.72,12,0,1813,5,0
2024-04-24T06:00:00,107.73,7,0,1895,6,0
2024-04-24T07:00:00,124.72,8,1,1148,7,0
2024-04-24T08:00:00,19.23,11,1,1179,8,0
2024-04-24T09:00:00,14.18,11,1,888,9,0
2024-04-24T10:00:00,211.83,4,1,2111,10,0
2024-04-24T11:00:00,208.34,6,1,1310,11,0
2024-04-24T12:00:00,398.68,3,1,479,12,0
2024-04-24T13:00:00,796.18,8,1,1958,13,0
2024-04-24T14:00:00,96.58,1,1,417,14,0
2024-04-24T15:00:00,894.41,2,1,238,15,0
2024-04-24T16:00:00,488.83,10,1,1683,16,0
2024-04-24T17:00:00,11.25,3,1,269,17,0
2024-04-24T18:00:00,11.31,2,1,1966,18,0
2024-04-24T19:00:00,22.7,12,1,1116,19,0
2024-04-24T20:00:00,363.83,10,1,360,20,0
2024-04-24T21:00:00,76.12,3,1,138,21,0
2024-04-24T22:00:00,9.05,7,1,442,22,0
2024-04-24T23:00:00,935.34,2,1,869,23,0
2024-04-25T00:00:00,136.91,1,0,1301,0,0
2024-04-25T01:00:00,23.09,7,1,728,1,0
2024-04-25T02:00:00,342.83,7,1,551,2,0
2024-04-25T03:00:00,87.66,2,0,2216,3,0
2024-04-25T04:00:00,29.45,2,1,2339,4,0
2024-04-25T05:00:00,158.99,9,1,888,5,0
2024-04-25T06:00:00,552.4,2,1,2428,6,0
2024-04-25T07:00:00,13.59,7,1,2154,7,0
2024-04-25T08:00:00,193.09,5,1,2320,8,0
2024-04-25T09:00:00,23.11,8,1,2252,9,0
2024-04-25T10:00:00,840.85,9,1,1933,10,0
2024-04-25T11:00:00,951.69,3,0,1439,11,0
2024-04-25T12:00:00,547.15,2,0,795,12,0
2024-04-25T13:00:00,13.48,4,1,515,13,0
2024-04-25T14:00:00,87.48,2,0,1990,14,0
2024-04-25T15:00:00,232.39,6,1,2450,15,0
2024-04-25T16:00:00,252.52,7,1,71,16,0
2024-04-25T17:00:00,703.09,9,1,370,17,0
2024-04-25T18:00:00,623.42,10,1,331,18,0
2024-04-25T19:00:00,62.16,11,1,1067,19,0
2024-04-25T20:00:00,405.17,8,1,1781,20,0
2024-04-25T21:00:00,14.35,3,1,1397,21,0
2024-04-25T22:00:00,355.3,5,0,1457,22,0
2024-04-25T23:00:00,50.72,3,1,2435,23,0
2024-04-26T00:00:00,50.12,8,1,2166,0,0
2024-04-26T01:00:00,75.86,4,1,2089,1,0
2024-04-26T02:00:00,77.6,4,1,1727,2,0
2024-04-26T03:00:00,79.53,3,1,1900,3,0
2024-04-26T04:00:00,250.31,11,1,2292,4,0
2024-04-26T05:00:00,544.13,8,1,58,5,0
2024-04-26T06:00:00,21.36,7,1,611,6,0
2024-04-26T07:00:00,44.85,6,1,1822,7,0
2024-04-26T08:00:00,10.21,2,1,468,8,0
2024-04-26T09:00:00,791.76,10,1,2277,9,0
2024-04-26T10:00:00,16.74,5,1,1125,10,0
2024-04-26T11:00:00,41.02,2,1,1145,11,0
2024-04-26T12:00:00,54.59,12,1,858,12,0
2024-04-26T13:00:00,148.1,3,1,2196,13,0
2024-04-26T14:00:00,83.74,5,1,872,14,0
2024-04-26T15:00:00,37.9,2,1,1050,15,0
2024-04-26T16:00:00,839.36,12,1,678,16,0
2024-04-26T17:00:00,17.19,3,1,2017,17,0
2024-04-26T18:00:00,212.46,10,1,983,18,0
2024-04-26T19:00:00,400.17,7,1,191,19,0
2024-04-26T20:00:00,22.71,9,1,176,20,0
2024-04-26T21:00:00,827.77,5,1,1664,21,0
2024-04-26T22:00:00,160.53,3,1,394,22,0
2024-04-26T23:00:00,129.86,6,1,1943,23,0
2024-04-27T00:00:00,667.16,8,0,2079,0,0
2024-04-27T01:00:00,907.07,3,1,1084,1,0
2024-04-27T02:00:00,72.83,6,1,2194,2,0
2024-04-27T03:00:00,336.87,2,1,2474,3,0
2024-04-27T04:00:00,26.16,5,1,851,4,0
2024-04-27T05:00:00,103.01,6,1,204,5,0
2024-04-27T06:00:00,155.97,9,1,564,6,0
2024-04-27T07:00:00,195.52,9,1,386,7,0
2024-04-27T08:00:00,618.3,1,1,103,8,0
2024-04-27T09:00:00,301.38,8,1,1594,9,0
2024-04-27T10:00:00,644.13,2,1,260,10,0
2024-04-27T11:00:00,296.75,12,1,1743,11,0
2024-04-27T12:00:00,45.24,5,0,1749,12,0
2024-04-27T13:00:00,75.96,11,1,1204,13,0
2024-04-27T14:00:00,710.43,9,1,1097,14,0
2024-04-27T15:00:00,107.37,3,1,2236,15,0
2024-04-27T16:00:00,366.17,1,1,844,16,0
2024-04-27T17:00:00,14.36,12,1,2336,17,0
2024-04-27T18:00:00,527.05,10,1,1894,18,0
2024-04-27T19:00:00,110.46,7,1,2410,19,0
2024-04-27T20:00:00,295.54,4,0,1729,20,0
2024-04-27T21:00:00,12.41,4,0,2336,21,0
2024-04-27T22:00:00,358.66,8,0,1481,22,0
2024-04-27T23:00:00,44.55,5,1,1941,23,0
2024-04-28T00:00:00,11.84,1,1,2104,0,0
2024-04-28T01:00:00,69.54,10,1,720,1,0
2024-04-28T02:00:00,483.74,2,1,1841,2,0
2024-04-28T03:00:00,358.93,5,1,693,3,0
2024-04-28T04:00:00,397.33,11,1,1504,4,0
2024-04-28T05:00:00,163.32,11,1,1556,5,0
2024-04-28T06:00:00,23.95,5,1,2486,6,0
2024-04-28T07:00:00,130.54,8,1,1122,7,0
2024-04-28T08:00:00,13.69,4,1,913,8,0
2024-04-28T09:00:00,178.94,11,1,2174,9,0
2024-04-28T10:00:00,29.99,7,1,2129,10,0
2024-04-28T11:00:00,809.03,4,1,1814,11,0
2024-04-28T12:00:00,591.37,10,0,1069,12,0
2024-04-28T13:00:00,517.42,6,1,1130,13,0
2024-04-28T14:00:00,9.41,6,1,467,14,0
2024-04-28T15:00:00,56.34,5,1,1135,15,0
2024-04-28T16:00:00,11.11,2,0,923,16,0
2024-04-28T17:00:00,83.14,9,1,1380,17,0
2024-04-28T18:00:00,25.96,6,1,1497,18,0
2024-04-28T19:00:00,282.37,9,1,1,19,0
2024-04-28T20:00:00,1003.75,10,0,172,20,0
2024-04-28T21:00:00,116.77,10,1,1956,21,0
2024-04-28T22:00:00,22.32,4,1,1376,22,0
2024-04-28T23:00:00,30.06,1,1,1006,23,0
2024-05-01T00:00:00,22.9,11,0,726,0,0
2024-05-01T01:00:00,11.42,1,1,881,1,0
2024-05-01T02:00:00,113.49,5,1,921,2,0
2024-05-01T03:00:00,543.85,7,1,895,3,0
2024-05-01T04:00:00,125.88,1,1,1458,4,0
2024-05-01T05:00:00,564.8,6,1,1877,5,0
2024-05-01T06:00:00,106.67,2,0,2321,6,0
2024-05-01T07:00:00,1005.72,5,1,1600,7,0
2024-05-01T08:00:00,14.79,3,0,142,8,0
2024-05-01T09:00:00,45.32,5,1,2199,9,0
2024-05-01T10:00:00,35.25,1,1,2366,10,0
2024-05-01T11:00:00,657.95,3,1,1039,11,0
2024-05-01T12:00:00,47.45,3,1,346,12,0
2024-05-01T13:00:00,46.43,1,1,2004,13,0
2024-05-01T14:00:00,22.2,4,1,808,14,0
2024-05-01T15:00:00,174.47,1,1,180,15,0
2024-05-01T16:00:00,452.56,2,1,1585,16,0
2024-05-01T17:00:00,211.74,12,1,884,17,0
2024-05-01T18:00:00,730.12,2,1,348,18,0
2024-05-01T19:00:00,11.97,6,1,2043,19,0
2024-05-01T20:00:00,151.98,2,1,1832,20,0
2024-05-01T21:00:00,24.3,10,1,718,21,0
2024-05-01T22:00:00,246.1,10,1,299,22,0
2024-05-01T23:00:00,10.33,8,1,298,23,0
2024-05-02T00:00:00,77.06,8,1,194,0,0
2024-05-02T01:00:00,9.74,3,1,2191,1,0
2024-05-02T02:00:00,272.57,11,0,836,2,1
2024-05-02T03:00:00,16.78,1,1,1930,3,0
2024-05-02T04:00:00,656.85,2,1,112,4,0
2024-05-02T05:00:00,296.51,2,1,2174,5,0
2024-05-02T06:00:00,10.06,1,1,708,6,0
2024-05-02T07:00:00,141.66,6,1,338,7,0
2024-05-02T08:00:00,848.5,6,1,2048,8,0
2024-05-02T09:00:00,817.55,9,1,484,9,0
2024-05-02T10:00:00,17.81,8,1,910,10,0
2024-05-02T11:00:00,186.38,9,1,890,11,0
2024-05-02T12:00:00,129.19,8,1,2176,12,0
2024-05-02T13:00:00,479.24,12,1,1380,13,0
2024-05-02T14:00:00,38.35,10,1,1686,14,0
2024-05-02T15:00:00,40.58,1,1,530,15,0
2024-05-02T16:00:00,326.07,3,1,1037,16,0
2024-05-02T17:00:00,45.04,2,1,467,17,0
2024-05-02T18:00:00,27.79,5,1,847,18,0
2024-05-02T19:00:00,774.9,9,1,1181,19,0
2024-05-02T20:00:00,111.68,3,0,791,20,0
2024-05-02T21:00:00,49.75,12,1,2318,21,0
2024-05-02T22:00:00,14.31,2,1,1028,22,0
2024-05-02T23:00:00,274.2,3,1,2180,23,0
2024-05-03T00:00:00,52.06,11,1,825,0,0
2024-05-03T01:00:00,23.72,1,1,2296,1,0
2024-05-03T02:00:00,11.16,2,1,1591,2,0
2024-05-03T03:00:00,685.54,5,1,836,3,0
2024-05-03T04:00:00,415.76,1,1,1490,4,0
2024-05-03T05:00:00,817.32,3,1,1507,5,0
2024-05-03T06:00:00,278.89,12,1,1454,6,0
2024-05-03T07:00:00,229.31,5,1,2309,7,0
2024-05-03T08:00:00,178.11,9,1,593,8,0
2024-05-03T09:00:00,807.88,6,1,1005,9,0
2024-05-03T10:00:00,67.73,3,1,345,10,0
2024-05-03T11:00:00,35.81,4,1,991,11,0
2024-05-03T12:00:00,461.59,5,1,1207,12,0
2024-05-03T13:00:00,432.08,10,1,437,13,0
2024-05-03T14:00:00,396.3,6,1,2380,14,0
2024-05-03T15:00:00,126.26,5,1,1922,15,0
2024-05-03T16:00:00,28.89,11,1,622,16,0
2024-05-03T17:00:00,9.77,10,1,336,17,0
2024-05-03T18:00:00,36.78,2,1,1339,18,0
2024-05-03T19:00:00,18.89,10,1,1373,19,0
2024-05-03T20:00:00,542.75,1,1,1405,20,0
2024-05-03T21:00:00,37.04,5,1,441,21,0
2024-05-03T22:00:00,66.18,8,1,1615,22,0
2024-05-03T23:00:00,99.09,6,1,774,23,0
2024-05-04T00:00:00,63.9,11,1,439,0,0
2024-05-04T01:00:00,1045.75,9,1,1978,1,0
2024-05-04T02:00:00,85.38,1,1,1549,2,0
2024-05-04T03:00:00,195.44,11,1,625,3,0
2024-05-04T04:00:00,111.63,6,1,1209,4,0
2024-05-04T05:00:00,245.64,1,1,947,5,0
2024-05-04T06:00:00,729.46,7,1,1561,6,0
2024-05-04T07:00:00,19.0,3,1,1372,7,0
2024-05-04T08:00:00,113.51,9,1,601,8,0
2024-05-04T09:00:00,65.01,12,1,96,9,0
2024-05-04T10:00:00,570.13,6,1,2155,10,0
2024-05-04T11:00:00,162.51,4,1,46,11,0
2024-05-04T12:00:00,18.03,3,1,158,12,0
2024-05-04T13:00:00,69.19,11,0,978,13,0
2024-05-04T14:00:00,42.46,11,1,2182,14,0
2024-05-04T15:00:00,32.71,9,1,1380,15,0
2024-05-04T16:00:00,193.37,3,1,38,16,0
2024-05-04T17:00:00,34.53,10,1,2178,17,0
2024-05-04T18:00:00,209.53,12,1,1490,18,0
2024-05-04T19:00:00,10.3,12,1,1828,19,0
2024-05-04T20:00:00,180.28,1,1,73,20,0
2024-05-04T21:00:00,447.26,4,1,1865,21,0
2024-05-04T22:00:00,197.82,3,1,1932,22,0
2024-05-04T23:00:00,26.04,2,1,1261,23,0
2024-05-05T00:00:00,9.61,6,1,1865,0,0
2024-05-05T01:00:00,258.79,1,1,1301,1,0
2024-05-05T02:00:00,251.24,12,1,674,2,0
2024-05-05T03:00:00,21.59,7,1,668,3,0
2024-05-05T04:00:00,38.25,1,1,952,4,0
2024-05-05T05:00:00,917.68,9,1,427,5,0
2024-05-05T06:00:00,46.79,2,1,1909,6,0
2024-05-05T07:00:00,46.07,6,1,1874,7,0
2024-05-05T08:00:00,56.22,8,1,2240,8,0
2024-05-05T09:00:00,37.9,10,1,1208,9,0
2024-05-05T10:00:00,445.62,1,1,137,10,0
2024-05-05T11:00:00,149.08,5,1,821,11,0
2024-05-05T12:00:00,221.28,5,1,487,12,0
2024-05-05T13:00:00,126.13,1,1,948,13,0
2024-05-05T14:00:00,107.93,7,1,284,14,0
2024-05-05T15:00:00,18.8,1,1,2209,15,0
2024-05-05T16:00:00,115.26,9,1,1385,16,0
2024-05-05T17:00:00,400.97,3,1,757,17,0
2024-05-05T18:00:00,1082.15,1,1,1098,18,0
2024-05-05T19:00:00,75.63,9,1,1633,19,0
2024-05-05T20:00:00,411.85,4,1,396,20,0
2024-05-05T21:00:00,343.27,7,1,1538,21,0
2024-05-05T22:00:00,29.97,2,1,356,22,0
2024-05-05T23:00:00,136.92,9,1,1643,23,0
2024-05-06T00:00:00,494.89,7,1,2376,0,0
2024-05-06T01:00:00,574.81,7,1,1199,1,0
2024-05-06T02:00:00,650.99,6,1,1511,2,0
2024-05-06T03:00:00,80.86,2,1,922,3,0
2024-05-06T04:00:00,660.87,1,1,1326,4,0
2024-05-06T05:00:00,157.4,9,1,1768,5,0
2024-05-06T06:00:00,284.98,6,1,2357,6,0
2024-05-06T07:00:00,43.87,1,1,646,7,0
2024-05-06T08:00:00,542.72,9,0,1712,8,0
2024-05-06T09:00:00,36.15,10,1,1880,9,0
2024-05-06T10:00:00,504.13,2,1,1489,10,0
2024-05-06T11:00:00,75.26,5,1,77,11,0
2024-05-06T12:00:00,64.06,4,1,760,12,0
2024-05-06T13:00:00,124.05,3,1,160,13,0
2024-05-06T14:00:00,40.63,1,1,1028,14,0
2024-05-06T15:00:00,177.59,12,1,841,15,0
2024-05-06T16:00:00,10.09,2,1,1973,16,0
2024-05-06T17:00:00,204.44,4,1,345,17,0
2024-05-06T18:00:00,199.14,5,1,774,18,0
2024-05-06T19:00:00,295.56,6,0,205,19,0
2024-05-06T20:00:00,956.57,5,1,904,20,0
2024-05-06T21:00:00,450.38,3,1,477,21,0
2024-05-06T22:00:00,223.92,5,1,870,22,0
2024-05-06T23:00:00,38.26,5,1,497,23,0
2024-05-07T00:00:00,21.51,7,1,1684,0,0
2024-05-07T01:00:00,134.48,4,1,288,1,0
2024-05-07T02:00:00,39.85,11,1,467,2,0
2024-05-07T03:00:00,559.46,8,1,773,3,0
2024-05-07T04:00:00,913.3,6,1,647,4,0
2024-05-07T05:00:00,280.06,7,1,229,5,0
2024-05-07T06:00:00,141.2,1,1,1974,6,0
2024-05-07T07:00:00,214.87,12,1,1744,7,0
2024-05-07T08:00:00,711.3,11,1,35,8,0
2024-05-07T09:00:00,76.2,8,1,1364,9,0
2024-05-07T10:00:00,68.69,6,1,1978,10,0
2024-05-07T11:00:00,428.6,3,1,2335,11,0
2024-05-07T12:00:00,19.39,10,1,291,12,0
2024-05-07T13:00:00,682.42,8,1,39,13,0
2024-05-07T14:00:00,129.35,2,1,1976,14,0
2024-05-07T15:00:00,1052.15,7,0,1174,15,0
2024-05-07T16:00:00,19.33,3,0,1655,16,0
2024-05-07T17:00:00,320.38,10,0,2070,17,0
2024-05-07T18:00:00,538.66,9,1,112,18,0
2024-05-07T19:00:00,10.44,2,1,961,19,0
2024-05-07T20:00:00,32.77,9,1,1271,20,0
2024-05-07T21:00:00,46.45,5,1,145,21,0
2024-05-07T22:00:00,23.95,6,1,1388,22,0
2024-05-07T23:00:00,14.46,11,1,2419,23,0
2024-05-08T00:00:00,156.79,5,0,1161,0,0
2024-05-08T01:00:00,38.06,1,1,1635,1,0
2024-05-08T02:00:00,18.87,3,1,2055,2,0
2024-05-08T03:00:00,189.03,4,1,1655,3,0
2024-05-08T04:00:00,17.82,7,1,873,4,0
2024-05-08T05:00:00,9.86,8,1,1544,5,0
2024-05-08T06:00:00,126.68,11,1,1707,6,0
2024-05-08T07:00:00,17.79,2,1,864,7,0
2024-05-08T08:00:00,152.05,6,1,798,8,0
2024-05-08T09:00:00,9.45,9,1,613,9,0
2024-05-08T10:00:00,69.38,9,1,730,10,0
2024-05-08T11:00:00,564.0,4,1,1418,11,0
2024-05-08T12:00:00,69.01,8,1,1888,12,0
2024-05-08T13:00:00,76.7,7,1,69,13,0
2024-05-08T14:00:00,19.85,5,1,2421,14,0
2024-05-08T15:00:00,24.98,1,1,1975,15,0
2024-05-08T16:00:00,809.97,10,0,1274,16,0
2024-05-08T17:00:00,261.83,10,1,301,17,0
2024-05-08T18:00:00,262.57,3,1,682,18,0
2024-05-08T19:00:00,98.31,6,1,1706,19,0
2024-05-08T20:00:00,130.08,5,1,2012,20,0
2024-05-08T21:00:00,137.86,10,0,1944,21,0
2024-05-08T22:00:00,109.33,9,0,2417,22,0
2024-05-08T23:00:00,38.85,11,1,643,23,0
2024-05-09T00:00:00,77.64,2,1,2393,0,0
2024-05-09T01:00:00,30.19,2,1,1994,1,0
2024-05-09T02:00:00,214.29,6,1,2428,2,0
2024-05-09T03:00:00,65.96,10,1,2328,3,0
2024-05-09T04:00:00,103.48,3,1,2479,4,0
2024-05-09T05:00:00,13.09,6,1,1103,5,0
2024-05-09T06:00:00,56.83,9,1,15,6,0
2024-05-09T07:00:00,61.9,12,1,1102,7,0
2024-05-09T08:00:00,11.73,10,1,1909,8,0
2024-05-09T09:00:00,73.24,4,1,2026,9,0
2024-05-09T10:00:00,162.75,4,1,1634,10,0
2024-05-09T11:00:00,733.79,11,1,2453,11,0
2024-05-09T12:00:00,16.43,3,1,325,12,0
2024-05-09T13:00:00,26.04,12,1,549,13,0
2024-05-09T14:00:00,895.73,8,0,2091,14,0
2024-05-09T15:00:00,73.88,5,1,1590,15,0
2024-05-09T16:00:00,78.57,2,1,17,16,0
2024-05-09T17:00:00,53.22,2,1,973,17,0
2024-05-09T18:00:00,68.51,12,1,980,18,0
2024-05-09T19:00:00,97.16,2,1,1168,19,0
2024-05-09T20:00:00,19.78,4,1,68,20,0
2024-05-09T21:00:00,12.7,9,1,201,21,0
2024-05-09T22:00:00,24.73,11,1,1180,22,0
2024-05-09T23:00:00,582.8,10,1,2175,23,0
2024-05-10T00:00:00,814.89,6,1,1492,0,0
2024-05-10T01:00:00,149.97,9,1,677,1,0
2024-05-10T02:00:00,78.75,7,1,2202,2,0
2024-05-10T03:00:00,30.29,10,1,2113,3,0
2024-05-10T04:00:00,60.0,3,1,2262,4,0
2024-05-10T05:00:00,77.14,9,1,2270,5,0
2024-05-10T06:00:00,74.48,1,1,271,6,0
2024-05-10T07:00:00,121.57,5,1,980,7,0
2024-05-10T08:00:00,37.23,1,1,2434,8,0
2024-05-10T09:00:00,196.4,4,1,1511,9,0
2024-05-10T10:00:00,880.48,1,1,1880,10,0
2024-05-10T11:00:00,904.64,7,1,1927,11,0
2024-05-10T12:00:00,901.54,10,1,851,12,0
2024-05-10T13:00:00,39.16,10,1,511,13,0
2024-05-10T14:00:00,159.36,9,1,1608,14,0
2024-05-10T15:00:00,53.3,5,1,1593,15,0
2024-05-10T16:00:00,42.26,9,1,1315,16,0
2024-05-10T17:00:00,753.4,8,1,1833,17,0
2024-05-10T18:00:00,11.91,9,1,1564,18,0
2024-05-10T19:00:00,279.25,7,1,2352,19,0
2024-05-10T20:00:00,25.0,5,1,25,20,0
2024-05-10T21:00:00,572.63,6,1,798,21,0
2024-05-10T22:00:00,578.91,6,1,1295,22,0
2024-05-10T23:00:00,164.3,4,1,427,23,0
2024-05-11T00:00:00,491.04,7,1,773,0,0
2024-05-11T01:00:00,121.77,11,1,2178,1,0
2024-05-11T02:00:00,33.25,3,1,634,2,0
2024-05-11T03:00:00,18.43,4,1,1105,3,0
2024-05-11T04:00:00,34.68,6,1,271,4,0
2024-05-11T05:00:00,364.6,11,1,1618,5,0
2024-05-11T06:00:00,157.03,7,1,127,6,0
2024-05-11T07:00:00,10.46,3,1,832,7,0
2024-05-11T08:00:00,131.21,4,0,1558,8,0
2024-05-11T09:00:00,646.85,11,1,630,9,0
2024-05-11T10:00:00,26.0,12,1,1156,10,0
2024-05-11T11:00:00,9.58,7,1,2161,11,0
2024-05-11T12:00:00,41.6,4,1,2011,12,0
2024-05-11T13:00:00,102.42,5,1,194,13,0
2024-05-11T14:00:00,135.35,5,1,1439,14,0
2024-05-11T15:00:00,491.68,8,1,2076,15,0
2024-05-11T16:00:00,131.57,5,1,1513,16,0
2024-05-11T17:00:00,196.72,10,1,850,17,0
2024-05-11T18:00:00,76.7,4,1,904,18,0
2024-05-11T19:00:00,655.52,8,1,1874,19,0
2024-05-11T20:00:00,39.72,4,1,2409,20,0
2024-05-11T21:00:00,11.99,7,1,980,21,0
2024-05-11T22:00:00,11.14,9,1,2183,22,0
2024-05-11T23:00:00,172.09,2,1,1873,23,0
2024-05-12T00:00:00,444.55,8,1,165,0,0
2024-05-12T01:00:00,606.69,2,1,412,1,0
2024-05-12T02:00:00,12.93,3,1,1419,2,0
2024-05-12T03:00:00,606.72,5,1,957,3,0
2024-05-12T04:00:00,28.19,5,0,1626,4,0
2024-05-12T05:00:00,70.78,1,1,627,5,0
2024-05-12T06:00:00,165.67,2,0,1312,6,0
2024-05-12T07:00:00,27.81,4,1,563,7,0
2024-05-12T08:00:00,80.99,10,1,647,8,0
2024-05-12T09:00:00,179.8,12,1,423,9,0
2024-05-12T10:00:00,11.18,6,1,130,10,0
2024-05-12T11:00:00,392.48,5,1,246,11,0
2024-05-12T12:00:00,85.49,8,1,603,12,0
2024-05-12T13:00:00,12.65,11,1,1243,13,0
2024-05-12T14:00:00,17.02,5,1,934,14,0
2024-05-12T15:00:00,1000.51,6,0,561,15,0
2024-05-12T16:00:00,843.56,5,1,2129,16,0
2024-05-12T17:00:00,295.92,8,1,86,17,0
2024-05-12T18:00:00,1090.8,2,1,761,18,0
2024-05-12T19:00:00,304.68,6,1,312,19,0
2024-05-12T20:00:00,718.85,5,1,1509,20,0
2024-05-12T21:00:00,224.27,12,1,21,21,0
2024-05-12T22:00:00,915.0,7,1,2343,22,0
2024-05-12T23:00:00,97.76,10,1,2145,23,0
2024-05-13T00:00:00,787.32,11,1,598,0,0
2024-05-13T01:00:00,1070.78,2,0,688,1,0
2024-05-13T02:00:00,171.98,1,1,568,2,0
2024-05-13T03:00:00,102.39,12,0,1704,3,0
2024-05-13T04:00:00,747.52,11,1,475,4,0
2024-05-13T05:00:00,41.09,3,1,587,5,0
2024-05-13T06:00:00,82.66,8,1,1998,6,0
2024-05-13T07:00:00,838.67,11,1,1133,7,0
2024-05-13T08:00:00,43.64,9,1,1924,8,0
2024-05-13T09:00:00,458.72,11,1,1898,9,0
2024-05-13T10:00:00,704.81,9,1,934,10,0
2024-05-13T11:00:00,84.25,9,0,274,11,0
2024-05-13T12:00:00,171.87,9,1,824,12,0
2024-05-13T13:00:00,104.16,7,1,314,13,0
2024-05-13T14:00:00,658.94,7,1,1530,14,0
2024-05-13T15:00:00,493.59,5,1,429,15,0
2024-05-13T16:00:00,55.05,12,1,524,16,0
2024-05-13T17:00:00,540.91,7,1,853,17,0
2024-05-13T18:00:00,13.04,10,1,1344,18,0
2024-05-13T19:00:00,355.37,6,1,772,19,0
2024-05-13T20:00:00,671.68,9,1,766,20,0
2024-05-13T21:00:00,15.78,7,1,1857,21,0
2024-05-13T22:00:00,16.2,6,1,307,22,0
2024-05-13T23:00:00,10.37,7,1,2274,23,0
2024-05-14T00:00:00,237.68,11,1,851,0,0
2024-05-14T01:00:00,775.71,9,1,2108,1,0
2024-05-14T02:00:00,10.49,6,1,2040,2,0
2024-05-14T03:00:00,573.02,7,1,1100,3,0
2024-05-14T04:00:00,27.78,4,1,1077,4,0
2024-05-14T05:00:00,48.83,4,1,2032,5,0
2024-05-14T06:00:00,24.16,6,0,162,6,0
2024-05-14T07:00:00,18.02,8,1,1447,7,0
2024-05-14T08:00:00,557.49,10,1,1513,8,0
2024-05-14T09:00:00,132.92,4,1,962,9,0
2024-05-14T10:00:00,88.16,10,1,787,10,0
2024-05-14T11:00:00,13.27,10,1,1861,11,0
2024-05-14T12:00:00,209.19,3,1,1465,12,0
2024-05-14T13:00:00,80.54,5,1,804,13,0
2024-05-14T14:00:00,13.0,8,1,1205,14,0
2024-05-14T15:00:00,21.14,9,1,734,15,0
2024-05-14T16:00:00,85.89,12,1,1113,16,0
2024-05-14T17:00:00,146.64,10,1,2429,17,0
2024-05-14T18:00:00,910.13,2,0,77,18,0
2024-05-14T19:00:00,104.51,2,1,2405,19,0
2024-05-14T20:00:00,240.58,9,1,1661,20,0
2024-05-14T21:00:00,69.94,10,1,1744,21,0
2024-05-14T22:00:00,205.3,3,0,2345,22,0
2024-05-14T23:00:00,12.45,5,1,1518,23,0
2024-05-15T00:00:00,37.79,7,1,2384,0,0
2024-05-15T01:00:00,125.16,7,1,1865,1,0
2024-05-15T02:00:00,41.8,7,1,2415,2,0
2024-05-15T03:00:00,397.31,12,1,1076,3,0
2024-05-15T04:00:00,114.64,4,1,537,4,0
2024-05-15T05:00:00,18.98,4,1,1752,5,0
2024-05-15T06:00:00,1042.66,11,1,601,6,0
2024-05-15T07:00:00,12.28,7,1,156,7,0
2024-05-15T08:00:00,110.59,5,1,967,8,0
2024-05-15T09:00:00,20.92,7,1,825,9,0
2024-05-15T10:00:00,68.82,10,1,1553,10,0
2024-05-15T11:00:00,96.05,7,1,1973,11,0
2024-05-15T12:00:00,89.17,9,1,1392,12,0
2024-05-15T13:00:00,24.4,9,1,1996,13,0
2024-05-15T14:00:00,40.42,3,1,1983,14,0
2024-05-15T15:00:00,31.07,3,1,1723,15,0
2024-05-15T16:00:00,58.87,3,1,1918,16,0
2024-05-15T17:00:00,10.68,8,1,620,17,0
2024-05-15T18:00:00,400.89,7,1,2212,18,0
2024-05-15T19:00:00,1032.12,11,1,939,19,0
2024-05-15T20:00:00,14.17,10,1,1823,20,0
2024-05-15T21:00:00,21.69,4,1,381,21,0
2024-05-15T22:00:00,47.65,4,1,2387,22,0
2024-05-15T23:00:00,17.73,10,1,1434,23,0
2024-05-16T00:00:00,9.5,8,1,1345,0,0
2024-05-16T01:00:00,258.04,6,1,1238,1,0
2024-05-16T02:00:00,195.05,12,1,2363,2,0
2024-05-16T03:00:00,509.28,11,1,2053,3,0
2024-05-16T04:00:00,63.71,8,1,2191,4,0
2024-05-16T05:00:00,361.45,10,1,1491,5,0
2024-05-16T06:00:00,9.32,5,1,908,6,0
2024-05-16T07:00:00,91.8,3,1,2319,7,0
2024-05-16T08:00:00,59.15,4,1,359,8,0
2024-05-16T09:00:00,34.71,8,1,1237,9,0
2024-05-16T10:00:00,486.92,8,1,938,10,0
2024-05-16T11:00:00,97.16,6,1,1673,11,0
2024-05-16T12:00:00,167.07,3,1,898,12,0
2024-05-16T13:00:00,274.11,9,1,1682,13,0
2024-05-16T14:00:00,51.67,4,1,1777,14,0
2024-05-16T15:00:00,19.74,1,0,850,15,0
2024-05-16T16:00:00,921.2,2,1,1224,16,0
2024-05-16T17:00:00,211.82,10,1,179,17,0
2024-05-16T18:00:00,20.91,3,1,2164,18,0
2024-05-16T19:00:00,218.38,8,1,1533,19,0
2024-05-16T20:00:00,13.07,6,0,266,20,0
2024-05-16T21:00:00,60.73,8,1,570,21,0
2024-05-16T22:00:00,805.83,2,1,1277,22,0
2024-05-16T23:00:00,129.46,7,1,187,23,0
2024-05-17T00:00:00,173.03,1,1,659,0,0
2024-05-17T01:00:00,41.51,4,1,5,1,0
2024-05-17T02:00:00,136.39,6,1,1453,2,0
2024-05-17T03:00:00,19.62,9,1,1279,3,0
2024-05-17T04:00:00,288.78,1,1,2254,4,0
2024-05-17T05:00:00,284.02,4,1,121,5,0
2024-05-17T06:00:00,675.63,4,1,2457,6,0
2024-05-17T07:00:00,115.71,1,1,2041,7,0
2024-05-17T08:00:00,172.22,6,1,1285,8,0
2024-05-17T09:00:00,960.34,9,1,742,9,0
2024-05-17T10:00:00,115.12,4,1,1532,10,0
2024-05-17T11:00:00,70.43,8,1,2334,11,0
2024-05-17T12:00:00,30.69,11,1,1102,12,0
2024-05-17T13:00:00,37.03,5,1,1399,13,0
2024-05-17T14:00:00,373.4,11,1,757,14,0
2024-05-17T15:00:00,9.64,7,1,2221,15,0
2024-05-17T16:00:00,31.96,12,1,2042,16,0
2024-05-17T17:00:00,466.91,4,1,1423,17,0
2024-05-17T18:00:00,316.4,10,1,273,18,0
2024-05-17T19:00:00,61.18,11,1,978,19,0
2024-05-17T20:00:00,14.39,3,1,2152,20,0
2024-05-17T21:00:00,694.42,1,1,1441,21,0
2024-05-17T22:00:00,67.62,5,1,389,22,0
2024-05-17T23:00:00,582.45,5,1,47,23,0
2024-05-18T00:00:00,644.37,11,1,1414,0,0
2024-05-18T01:00:00,1046.3,5,1,2147,1,0
2024-05-18T02:00:00,695.4,5,1,2165,2,0
2024-05-18T03:00:00,15.82,12,1,2085,3,0
2024-05-18T04:00:00,663.18,4,1,676,4,0
2024-05-18T05:00:00,142.85,10,1,1438,5,0
2024-05-18T06:00:00,10.57,11,1,2435,6,0
2024-05-18T07:00:00,187.41,12,1,2112,7,0
2024-05-18T08:00:00,655.37,9,1,2470,8,0
2024-05-18T09:00:00,38.2,12,1,1963,9,0
2024-05-18T10:00:00,148.84,8,0,1474,10,0
2024-05-18T11:00:00,28.63,7,1,1107,11,0
2024-05-18T12:00:00,98.16,4,1,993,12,0
2024-05-18T13:00:00,36.99,11,1,1152,13,0
2024-05-18T14:00:00,1020.57,9,1,398,14,0
2024-05-18T15:00:00,232.11,7,1,1376,15,0
2024-05-18T16:00:00,28.64,9,1,100,16,0
2024-05-18T17:00:00,179.17,2,1,1213,17,0
2024-05-18T18:00:00,563.96,3,1,717,18,0
2024-05-18T19:00:00,497.92,6,1,1724,19,0
2024-05-18T20:00:00,24.47,2,1,680,20,0
2024-05-18T21:00:00,958.87,6,1,951,21,0
2024-05-18T22:00:00,93.24,11,1,756,22,0
2024-05-18T23:00:00,1011.04,2,1,2019,23,0
2024-05-19T00:00:00,12.22,7,1,1026,0,0
2024-05-19T01:00:00,47.37,10,1,577,1,0
2024-05-19T02:00:00,53.9,9,0,1718,2,0
2024-05-19T03:00:00,235.53,11,1,1830,3,0
2024-05-19T04:00:00,16.21,10,1,893,4,0
2024-05-19T05:00:00,593.32,10,1,2114,5,0
2024-05-19T06:00:00,322.87,8,1,1081,6,0
2024-05-19T07:00:00,93.66,11,1,2047,7,0
2024-05-19T08:00:00,1017.39,1,1,185,8,0
2024-05-19T09:00:00,23.3,11,1,263,9,0
2024-05-19T10:00:00,169.8,5,1,881,10,0
2024-05-19T11:00:00,29.33,4,1,2453,11,0
2024-05-19T12:00:00,400.02,1,1,2380,12,0
2024-05-19T13:00:00,41.01,4,1,1154,13,0
2024-05-19T14:00:00,81.08,4,1,844,14,0
2024-05-19T15:00:00,64.91,2,1,2210,15,0
2024-05-19T16:00:00,11.22,9,1,454,16,0
2024-05-19T17:00:00,14.33,3,1,2287,17,0
2024-05-19T18:00:00,134.07,2,1,1452,18,0
2024-05-19T19:00:00,61.75,12,1,1239,19,0
2024-05-19T20:00:00,58.74,5,1,1209,20,0
2024-05-19T21:00:00,775.5,11,1,606,21,0
2024-05-19T22:00:00,439.14,5,1,498,22,0
2024-05-19T23:00:00,30.25,6,1,2408,23,0
2024-05-20T00:00:00,416.41,4,1,111,0,0
2024-05-20T01:00:00,40.68,10,1,830,1,0
2024-05-20T02:00:00,36.14,12,1,1418,2,0
2024-05-20T03:00:00,639.89,8,1,1013,3,0
2024-05-20T04:00:00,24.93,9,1,1218,4,0
2024-05-20T05:00:00,13.7,5,1,2065,5,0
2024-05-20T06:00:00,66.38,1,1,3,6,0
2024-05-20T07:00:00,615.03,3,1,1597,7,0
2024-05-20T08:00:00,22.27,12,1,85,8,0
2024-05-20T09:00:00,10.69,6,1,1431,9,0
2024-05-20T10:00:00,10.96,5,1,28,10,0
2024-05-20T11:00:00,736.15,2,1,181,11,0
2024-05-20T12:00:00,53.04,11,1,2487,12,0
2024-05-20T13:00:00,64.41,4,1,1166,13,0
2024-05-20T14:00:00,49.38,3,1,813,14,0
2024-05-20T15:00:00,30.69,12,1,1217,15,0
2024-05-20T16:00:00,1003.62,9,1,463,16,0
2024-05-20T17:00:00,14.49,2,1,2243,17,0
2024-05-20T18:00:00,22.37,6,1,2184,18,0
2024-05-20T19:00:00,118.35,9,1,939,19,0
2024-05-20T20:00:00,25.93,12,1,1502,20,0
2024-05-20T21:00:00,220.31,8,1,1434,21,0
2024-05-20T22:00:00,498.71,6,1,2205,22,0
2024-05-20T23:00:00,27.72,9,1,202,23,0
2024-05-21T00:00:00,73.54,2,1,911,0,0
2024-05-21T01:00:00,25.95,6,1,1618,1,0
2024-05-21T02:00:00,570.14,7,1,1479,2,0
2024-05-21T03:00:00,806.41,6,1,1110,3,0
2024-05-21T04:00:00,475.78,3,1,2188,4,0
2024-05-21T05:00:00,152.06,3,0,1513,5,0
2024-05-21T06:00:00,164.71,10,1,1614,6,0
2024-05-21T07:00:00,23.27,7,0,203,7,0
2024-05-21T08:00:00,32.39,5,1,1513,8,0
2024-05-21T09:00:00,28.48,6,1,977,9,0
2024-05-21T10:00:00,345.08,11,1,485,10,0
2024-05-21T11:00:00,34.49,6,0,333,11,0
2024-05-21T12:00:00,73.65,1,1,444,12,0
2024-05-21T13:00:00,90.86,1,1,1803,13,0
2024-05-21T14:00:00,236.51,2,1,2218,14,0
2024-05-21T15:00:00,10.39,7,1,508,15,0
2024-05-21T16:00:00,41.91,1,1,2284,16,0
2024-05-21T17:00:00,76.89,4,1,2433,17,0
2024-05-21T18:00:00,127.8,12,1,45,18,0
2024-05-21T19:00:00,342.92,6,1,2158,19,0
2024-05-21T20:00:00,229.47,2,1,1191,20,0
2024-05-21T21:00:00,155.76,8,0,2261,21,0
2024-05-21T22:00:00,148.53,2,0,285,22,0
2024-05-21T23:00:00,28.63,3,1,1643,23,0
2024-05-22T00:00:00,82.7,8,1,1100,0,0
2024-05-22T01:00:00,23.56,3,1,611,1,0
2024-05-22T02:00:00,202.51,9,1,2471,2,0
2024-05-22T03:00:00,499.48,4,1,801,3,0
2024-05-22T04:00:00,238.54,8,0,412,4,0
2024-05-22T05:00:00,48.56,2,1,1513,5,0
2024-05-22T06:00:00,147.67,8,0,371,6,0
2024-05-22T07:00:00,16.3,12,1,244,7,0
2024-05-22T08:00:00,30.7,11,1,2181,8,0
2024-05-22T09:00:00,10.18,6,1,2319,9,0
2024-05-22T10:00:00,133.42,7,1,364,10,0
2024-05-22T11:00:00,11.77,3,1,43,11,0
2024-05-22T12:00:00,23.83,5,1,463,12,0
2024-05-22T13:00:00,747.22,12,1,109,13,0
2024-05-22T14:00:00,920.77,5,1,1959,14,0
2024-05-22T15:00:00,486.07,9,1,727,15,0
2024-05-22T16:00:00,953.36,10,1,1300,16,0
2024-05-22T17:00:00,36.33,3,1,2070,17,0
2024-05-22T18:00:00,314.94,12,1,2161,18,0
2024-05-22T19:00:00,829.56,10,1,1882,19,0
2024-05-22T20:00:00,60.08,8,1,1223,20,0
2024-05-22T21:00:00,336.41,7,1,1679,21,0
2024-05-22T22:00:00,13.18,10,1,1623,22,0
2024-05-22T23:00:00,397.12,11,1,935,23,0
2024-05-23T00:00:00,55.41,1,1,1312,0,0
2024-05-23T01:00:00,38.62,7,1,2214,1,0
2024-05-23T02:00:00,82.4,2,1,548,2,0
2024-05-23T03:00:00,150.67,2,1,1546,3,0
2024-05-23T04:00:00,77.22,11,1,951,4,0
2024-05-23T05:00:00,14.12,8,1,2005,5,0
2024-05-23T06:00:00,18.25,12,1,208,6,0
2024-05-23T07:00:00,326.24,12,1,141,7,0
2024-05-23T08:00:00,567.73,8,1,301,8,0
2024-05-23T09:00:00,59.33,6,0,1542,9,0
2024-05-23T10:00:00,319.84,5,1,555,10,0
2024-05-23T11:00:00,95.5,3,1,2327,11,0
2024-05-23T12:00:00,543.12,5,1,301,12,0
2024-05-23T13:00:00,81.57,12,1,1071,13,0
2024-05-23T14:00:00,48.17,11,1,850,14,0
2024-05-23T15:00:00,38.29,12,1,2292,15,0
2024-05-23T16:00:00,140.99,11,1,1574,16,0
2024-05-23T17:00:00,1086.89,3,1,1455,17,0
2024-05-23T18:00:00,10.68,9,1,422,18,0
2024-05-23T19:00:00,257.62,10,1,1399,19,0
2024-05-23T20:00:00,14.55,3,1,1723,20,0
2024-05-23T21:00:00,194.85,2,1,539,21,0
2024-05-23T22:00:00,34.94,4,1,187,22,0
2024-05-23T23:00:00,150.48,9,1,2142,23,0
2024-05-24T00:00:00,87.36,3,1,2106,0,0
2024-05-24T01:00:00,12.93,10,0,584,1,0
2024-05-24T02:00:00,17.63,4,1,1232,2,0
2024-05-24T03:00:00,487.07,9,1,1505,3,0
2024-05-24T04:00:00,26.62,5,1,1106,4,0
2024-05-24T05:00:00,17.51,12,0,1965,5,0
2024-05-24T06:00:00,9.18,9,1,1624,6,0
2024-05-24T07:00:00,60.01,4,1,713,7,0
2024-05-24T08:00:00,172.09,7,1,96,8,0
2024-05-24T09:00:00,57.72,2,1,1503,9,0
2024-05-24T10:00:00,25.1,8,1,400,10,0
2024-05-24T11:00:00,661.34,11,1,641,11,0
2024-05-24T12:00:00,49.65,11,1,2386,12,0
2024-05-24T13:00:00,33.33,1,1,2311,13,0
2024-05-24T14:00:00,173.22,8,1,2145,14,0
2024-05-24T15:00:00,26.92,9,1,652,15,0
2024-05-24T16:00:00,177.21,5,1,58,16,0
2024-05-24T17:00:00,233.19,8,1,1031,17,0
2024-05-24T18:00:00,160.43,9,0,1978,18,0
2024-05-24T19:00:00,44.07,8,1,1495,19,0
2024-05-24T20:00:00,547.31,8,1,1422,20,0
2024-05-24T21:00:00,217.92,8,1,41,21,0
2024-05-24T22:00:00,105.23,1,1,758,22,0
2024-05-24T23:00:00,546.76,7,1,934,23,0
2024-05-25T00:00:00,76.09,12,1,2137,0,0
2024-05-25T01:00:00,10.75,7,1,242,1,0
2024-05-25T02:00:00,354.86,7,1,1532,2,0
2024-05-25T03:00:00,351.81,5,1,620,3,0
2024-05-25T04:00:00,28.37,4,1,1921,4,0
2024-05-25T05:00:00,27.03,2,1,903,5,0
2024-05-25T06:00:00,17.18,5,1,1651,6,0
2024-05-25T07:00:00,180.07,5,1,1264,7,0
2024-05-25T08:00:00,19.35,12,1,1535,8,0
2024-05-25T09:00:00,12.45,7,1,2344,9,0
2024-05-25T10:00:00,47.54,8,1,900,10,0
2024-05-25T11:00:00,22.11,8,1,1028,11,0
2024-05-25T12:00:00,618.51,8,1,142,12,0
2024-05-25T13:00:00,18.24,10,1,949,13,0
2024-05-25T14:00:00,154.07,6,1,1721,14,0
2024-05-25T15:00:00,13.49,4,1,1144,15,0
2024-05-25T16:00:00,274.12,9,1,1253,16,0
2024-05-25T17:00:00,90.68,5,1,1995,17,0
2024-05-25T18:00:00,13.37,2,1,822,18,0
2024-05-25T19:00:00,260.03,7,1,2148,19,0
2024-05-25T20:00:00,20.56,11,1,1473,20,0
2024-05-25T21:00:00,34.35,7,1,211,21,0
2024-05-25T22:00:00,202.62,5,1,1745,22,0
2024-05-25T23:00:00,36.25,9,1,1861,23,0
2024-05-26T00:00:00,527.15,4,1,1572,0,0
2024-05-26T01:00:00,296.7,8,1,2491,1,0
2024-05-26T02:00:00,40.31,2,1,2365,2,0
2024-05-26T03:00:00,14.79,4,1,582,3,0
2024-05-26T04:00:00,27.72,2,1,327,4,0
2024-05-26T05:00:00,325.39,1,1,512,5,0
2024-05-26T06:00:00,88.18,10,0,520,6,0
2024-05-26T07:00:00,131.97,4,1,663,7,0
2024-05-26T08:00:00,857.84,6,1,1528,8,0
2024-05-26T09:00:00,12.9,8,1,1697,9,0
2024-05-26T10:00:00,90.99,3,1,573,10,0
2024-05-26T11:00:00,78.39,8,1,1412,11,0
2024-05-26T12:00:00,345.76,8,1,1512,12,0
2024-05-26T13:00:00,13.35,12,1,2314,13,0
2024-05-26T14:00:00,42.35,6,1,2304,14,0
2024-05-26T15:00:00,11.48,3,1,2420,15,0
2024-05-26T16:00:00,530.34,7,1,2282,16,0
2024-05-26T17:00:00,559.48,11,1,354,17,0
2024-05-26T18:00:00,361.38,5,1,2295,18,0
2024-05-26T19:00:00,489.98,11,1,2039,19,0
2024-05-26T20:00:00,424.14,3,0,1824,20,0
2024-05-26T21:00:00,1006.76,4,0,1383,21,0
2024-05-26T22:00:00,15.51,10,1,2109,22,0
2024-05-26T23:00:00,294.08,5,1,1370,23,0
2024-05-27T00:00:00,372.55,4,1,977,0,0
2024-05-27T01:00:00,10.5,5,1,657,1,0
2024-05-27T02:00:00,12.2,8,0,1251,2,0
2024-05-27T03:00:00,12.52,6,1,281,3,0
2024-05-27T04:00:00,171.03,5,1,1647,4,0
2024-05-27T05:00:00,13.7,12,1,2245,5,0
2024-05-27T06:00:00,258.78,7,1,1850,6,0
2024-05-27T07:00:00,24.45,4,1,1358,7,0
2024-05-27T08:00:00,956.92,1,1,918,8,0
2024-05-27T09:00:00,37.01,7,0,208,9,0
2024-05-27T10:00:00,21.51,5,1,2286,10,0
2024-05-27T11:00:00,34.28,2,1,321,11,0
2024-05-27T12:00:00,93.88,4,1,679,12,0
2024-05-27T13:00:00,252.14,3,1,360,13,0
2024-05-27T14:00:00,937.36,2,1,2378,14,0
2024-05-27T15:00:00,58.77,12,1,1360,15,0
2024-05-27T16:00:00,526.59,7,1,1584,16,0
2024-05-27T17:00:00,109.46,2,1,2177,17,0
2024-05-27T18:00:00,17.77,8,1,1687,18,0
2024-05-27T19:00:00,171.34,5,1,2481,19,0
2024-05-27T20:00:00,22.37,6,1,623,20,0
2024-05-27T21:00:00,31.17,8,1,1053,21,0
2024-05-27T22:00:00,209.52,11,1,1445,22,0
2024-05-27T23:00:00,805.5,6,1,1757,23,0
2024-05-28T00:00:00,38.82,1,1,473,0,0
2024-05-28T01:00:00,63.63,5,1,1852,1,0
2024-05-28T02:00:00,21.29,12,1,1972,2,0
2024-05-28T03:00:00,316.74,6,1,1084,3,0
2024-05-28T04:00:00,89.83,5,1,17,4,0
2024-05-28T05:00:00,108.6,11,1,851,5,0
2024-05-28T06:00:00,29.4,1,1,1869,6,0
2024-05-28T07:00:00,125.38,12,1,1751,7,0
2024-05-28T08:00:00,713.55,5,1,109,8,0
2024-05-28T09:00:00,700.65,9,1,535,9,0
2024-05-28T10:00:00,216.42,11,1,864,10,0
2024-05-28T11:00:00,670.52,2,1,873,11,0
2024-05-28T12:00:00,495.25,5,1,2243,12,0
2024-05-28T13:00:00,12.76,6,1,711,13,0
2024-05-28T14:00:00,71.94,4,1,1362,14,0
2024-05-28T15:00:00,17.98,7,1,1588,15,0
2024-05-28T16:00:00,16.73,9,1,885,16,0
2024-05-28T17:00:00,324.89,10,1,2203,17,0
2024-05-28T18:00:00,302.41,6,1,1036,18,0
2024-05-28T19:00:00,33.63,1,1,1821,19,0
2024-05-28T20:00:00,419.21,9,1,209,20,0
2024-05-28T21:00:00,948.22,11,1,208,21,0
2024-05-28T22:00:00,26.7,7,1,2420,22,0
2024-05-28T23:00:00,41.66,8,1,1924,23,0
2024-06-01T00:00:00,9.3,1,0,1672,0,0
2024-06-01T01:00:00,11.05,7,1,1188,1,0
2024-06-01T02:00:00,338.27,4,1,709,2,0
2024-06-01T03:00:00,12.8,3,1,2486,3,0
2024-06-01T04:00:00,28.97,12,1,2419,4,0
2024-06-01T05:00:00,631.84,2,1,223,5,0
2024-06-01T06:00:00,145.66,2,1,2291,6,0
2024-06-01T07:00:00,71.1,3,1,533,7,0
2024-06-01T08:00:00,395.19,7,1,1411,8,0
2024-06-01T09:00:00,21.57,10,1,1301,9,0
2024-06-01T10:00:00,939.51,10,1,950,10,0
2024-06-01T11:00:00,15.78,6,1,1339,11,0
2024-06-01T12:00:00,36.3,1,1,1368,12,0
2024-06-01T13:00:00,27.9,5,1,157,13,0
2024-06-01T14:00:00,18.93,11,1,17,14,0
2024-06-01T15:00:00,152.55,12,1,1495,15,0
2024-06-01T16:00:00,572.69,4,0,697,16,0
2024-06-01T17:00:00,10.08,3,1,231,17,0
2024-06-01T18:00:00,29.13,11,1,445,18,0
2024-06-01T19:00:00,41.17,9,1,297,19,0
2024-06-01T20:00:00,477.94,6,0,1771,20,0
2024-06-01T21:00:00,481.99,11,1,1875,21,0
2024-06-01T22:00:00,9.93,9,1,1119,22,0
2024-06-01T23:00:00,40.47,8,1,1845,23,0
2024-06-02T00:00:00,11.98,10,1,1566,0,0
2024-06-02T01:00:00,129.93,11,1,2210,1,0
2024-06-02T02:00:00,560.15,1,1,1942,2,0
2024-06-02T03:00:00,27.87,4,1,322,3,0
2024-06-02T04:00:00,26.33,11,1,1884,4,0
2024-06-02T05:00:00,35.82,1,1,83,5,0
2024-06-02T06:00:00,178.4,12,1,1023,6,0
2024-06-02T07:00:00,106.11,9,1,288,7,0
2024-06-02T08:00:00,274.57,4,0,1996,8,0
2024-06-02T09:00:00,89.92,9,1,1503,9,0
2024-06-02T10:00:00,110.55,9,1,1488,10,0
2024-06-02T11:00:00,58.42,8,1,422,11,0
2024-06-02T12:00:00,211.32,7,0,829,12,0
2024-06-02T13:00:00,53.64,11,1,1280,13,0
2024-06-02T14:00:00,933.82,1,1,2449,14,0
2024-06-02T15:00:00,904.33,7,1,1192,15,0
2024-06-02T16:00:00,21.6,5,1,198,16,0
2024-06-02T17:00:00,120.06,1,1,665,17,0
2024-06-02T18:00:00,16.97,12,1,2273,18,0
2024-06-02T19:00:00,33.42,6,1,2270,19,0
2024-06-02T20:00:00,188.26,11,1,413,20,0
2024-06-02T21:00:00,13.57,9,1,1809,21,0
2024-06-02T22:00:00,56.59,9,1,2498,22,0
2024-06-02T23:00:00,234.33,6,1,206,23,0
2024-06-03T00:00:00,105.88,12,1,1126,0,0
2024-06-03T01:00:00,23.02,3,1,1383,1,0
2024-06-03T02:00:00,21.53,12,1,1182,2,0
2024-06-03T03:00:00,10.53,10,1,2270,3,0
2024-06-03T04:00:00,568.42,1,1,2314,4,0
2024-06-03T05:00:00,48.26,9,0,1848,5,0
2024-06-03T06:00:00,62.8,12,1,1122,6,0
2024-06-03T07:00:00,640.56,8,1,2192,7,0
2024-06-03T08:00:00,108.97,11,1,708,8,0
2024-06-03T09:00:00,829.59,11,1,1826,9,0
2024-06-03T10:00:00,82.72,6,1,1543,10,0
2024-06-03T11:00:00,86.59,7,1,2030,11,0
2024-06-03T12:00:00,309.58,12,1,2466,12,0
2024-06-03T13:00:00,71.6,6,1,1968,13,0
2024-06-03T14:00:00,531.31,7,1,694,14,0
2024-06-03T15:00:00,523.82,11,0,2058,15,0
2024-06-03T16:00:00,204.76,10,1,2238,16,0
2024-06-03T17:00:00,285.68,7,1,1541,17,0
2024-06-03T18:00:00,62.52,8,1,447,18,0
2024-06-03T19:00:00,1040.21,10,1,2273,19,0
2024-06-03T20:00:00,117.26,1,1,1295,20,0
2024-06-03T21:00:00,173.07,1,1,632,21,0
2024-06-03T22:00:00,21.56,7,1,496,22,0
2024-06-03T23:00:00,164.5,7,1,1925,23,0
2024-06-04T00:00:00,15.97,2,1,107,0,0
2024-06-04T01:00:00,20.65,2,1,1765,1,0
2024-06-04T02:00:00,13.0,7,1,723,2,0
2024-06-04T03:00:00,711.87,11,1,704,3,0
2024-06-04T04:00:00,345.94,7,1,478,4,0
2024-06-04T05:00:00,1011.36,3,1,37,5,0
2024-06-04T06:00:00,30.77,3,0,41,6,0
2024-06-04T07:00:00,145.86,11,1,1488,7,0
2024-06-04T08:00:00,423.66,10,1,1425,8,0
2024-06-04T09:00:00,21.87,4,1,198,9,0
2024-06-04T10:00:00,75.87,8,0,542,10,0
2024-06-04T11:00:00,383.96,2,1,1975,11,0
2024-06-04T12:00:00,273.03,9,0,1187,12,0
2024-06-04T13:00:00,257.99,1,1,1990,13,0
2024-06-04T14:00:00,730.13,4,1,1307,14,0
2024-06-04T15:00:00,11.68,7,1,808,15,0
2024-06-04T16:00:00,24.49,10,1,901,16,0
2024-06-04T17:00:00,34.64,1,1,2249,17,0
2024-06-04T18:00:00,10.1,4,1,1954,18,0
2024-06-04T19:00:00,23.16,8,1,1884,19,0
2024-06-04T20:00:00,58.34,3,1,271,20,0
2024-06-04T21:00:00,919.81,3,1,2236,21,0
2024-06-04T22:00:00,15.96,9,1,1512,22,0
2024-06-04T23:00:00,47.65,6,1,2318,23,0
2024-06-05T00:00:00,761.48,6,1,1947,0,0
2024-06-05T01:00:00,38.26,1,1,88,1,0
2024-06-05T02:00:00,896.26,9,0,1160,2,0
2024-06-05T03:00:00,610.92,9,1,2062,3,0
2024-06-05T04:00:00,47.4,8,1,416,4,0
2024-06-05T05:00:00,19.36,9,1,192,5,0
2024-06-05T06:00:00,274.37,7,1,1725,6,0
2024-06-05T07:00:00,24.41,4,1,125,7,0
2024-06-05T08:00:00,194.69,10,1,1672,8,0
2024-06-05T09:00:00,117.27,1,1,541,9,0
2024-06-05T10:00:00,357.36,12,1,5,10,0
2024-06-05T11:00:00,109.82,11,1,2468,11,0
2024-06-05T12:00:00,23.79,2,1,1785,12,0
2024-06-05T13:00:00,188.82,8,1,2270,13,0
2024-06-05T14:00:00,395.12,6,1,1369,14,0
2024-06-05T15:00:00,22.34,1,1,1892,15,0
2024-06-05T16:00:00,533.66,8,0,876,16,0
2024-06-05T17:00:00,704.6,7,1,2390,17,0
2024-06-05T18:00:00,16.98,11,1,972,18,0
2024-06-05T19:00:00,9.87,7,1,1636,19,0
2024-06-05T20:00:00,44.98,1,1,463,20,0
2024-06-05T21:00:00,242.16,9,1,2198,21,0
2024-06-05T22:00:00,124.05,11,1,695,22,0
2024-06-05T23:00:00,270.91,8,1,93,23,0
2024-06-06T00:00:00,13.23,1,1,1629,0,0
2024-06-06T01:00:00,987.16,11,1,1759,1,0
2024-06-06T02:00:00,210.08,6,1,19,2,0
2024-06-06T03:00:00,931.7,9,1,2435,3,0
2024-06-06T04:00:00,13.78,8,1,1144,4,0
2024-06-06T05:00:00,9.57,11,1,1342,5,0
2024-06-06T06:00:00,291.41,4,1,549,6,0
2024-06-06T07:00:00,383.39,1,1,194,7,0
2024-06-06T08:00:00,155.8,1,1,1137,8,0
2024-06-06T09:00:00,195.77,12,1,2496,9,0
2024-06-06T10:00:00,385.12,8,1,1730,10,0
2024-06-06T11:00:00,11.24,6,1,2071,11,0
2024-06-06T12:00:00,699.0,9,1,1706,12,0
2024-06-06T13:00:00,45.57,4,1,745,13,0
2024-06-06T14:00:00,37.22,6,1,1999,14,0
2024-06-06T15:00:00,85.39,10,1,1,15,0
2024-06-06T16:00:00,196.95,5,1,1069,16,0
2024-06-06T17:00:00,10.73,3,1,666,17,0
2024-06-06T18:00:00,45.26,2,1,1823,18,0
2024-06-06T19:00:00,18.01,7,1,1270,19,0
2024-06-06T20:00:00,259.46,9,1,2019,20,0
2024-06-06T21:00:00,109.04,4,1,1683,21,0
2024-06-06T22:00:00,20.15,10,1,1373,22,0
2024-06-06T23:00:00,14.19,9,1,166,23,0
2024-06-07T00:00:00,18.53,9,1,539,0,0
2024-06-07T01:00:00,11.48,8,1,1739,1,0
2024-06-07T02:00:00,202.57,5,1,1765,2,0
2024-06-07T03:00:00,15.51,9,1,1900,3,0
2024-06-07T04:00:00,97.89,10,1,1895,4,0
2024-06-07T05:00:00,10.15,3,1,1843,5,0
2024-06-07T06:00:00,60.29,5,1,293,6,0
2024-06-07T07:00:00,487.57,8,1,649,7,0
2024-06-07T08:00:00,14.17,10,1,972,8,0
2024-06-07T09:00:00,31.69,1,1,2405,9,0
2024-06-07T10:00:00,800.94,5,1,746,10,0
2024-06-07T11:00:00,102.68,7,1,1206,11,0
2024-06-07T12:00:00,184.57,2,1,562,12,0
2024-06-07T13:00:00,288.03,2,1,1705,13,0
2024-06-07T14:00:00,114.68,5,1,2058,14,0
2024-06-07T15:00:00,431.91,2,1,2115,15,0
2024-06-07T16:00:00,105.87,12,1,1380,16,0
2024-06-07T17:00:00,94.51,12,1,415,17,0
2024-06-07T18:00:00,27.55,5,1,1704,18,0
2024-06-07T19:00:00,450.67,6,1,109,19,0
2024-06-07T20:00:00,27.39,11,0,1455,20,0
2024-06-07T21:00:00,10.34,2,1,2330,21,0
2024-06-07T22:00:00,190.8,3,1,1709,22,0
2024-06-07T23:00:00,101.22,2,1,2438,23,0
2024-06-08T00:00:00,30.53,2,1,1263,0,0
2024-06-08T01:00:00,79.75,1,0,1757,1,0
2024-06-08T02:00:00,19.07,1,1,192,2,0
2024-06-08T03:00:00,179.67,11,1,688,3,0
2024-06-08T04:00:00,744.23,4,0,1067,4,0
2024-06-08T05:00:00,15.49,2,1,140,5,0
2024-06-08T06:00:00,9.75,9,1,1720,6,0
2024-06-08T07:00:00,10.65,6,1,864,7,0
2024-06-08T08:00:00,42.85,10,1,2175,8,0
2024-06-08T09:00:00,796.57,2,1,2027,9,0
2024-06-08T10:00:00,28.91,3,1,358,10,0
2024-06-08T11:00:00,54.8,9,1,1502,11,0
2024-06-08T12:00:00,26.16,11,1,2317,12,0
2024-06-08T13:00:00,32.15,3,1,2298,13,0
2024-06-08T14:00:00,9.05,12,1,2146,14,0
2024-06-08T15:00:00,582.32,12,1,68,15,0
2024-06-08T16:00:00,466.88,4,1,1844,16,0
2024-06-08T17:00:00,36.63,3,1,620,17,0
2024-06-08T18:00:00,518.79,11,1,2341,18,0
2024-06-08T19:00:00,242.24,4,1,1776,19,0
2024-06-08T20:00:00,422.16,4,0,2205,20,0
2024-06-08T21:00:00,138.07,5,1,500,21,0
2024-06-08T22:00:00,43.02,5,1,187,22,0
2024-06-08T23:00:00,100.46,7,1,1407,23,0
2024-06-09T00:00:00,14.86,4,1,1272,0,0
2024-06-09T01:00:00,624.77,8,1,1192,1,0
2024-06-09T02:00:00,17.24,12,1,1212,2,0
2024-06-09T03:00:00,13.08,11,1,1667,3,0
2024-06-09T04:00:00,18.99,9,1,1041,4,0
2024-06-09T05:00:00,16.35,8,1,1966,5,0
2024-06-09T06:00:00,171.9,9,1,1857,6,0
2024-06-09T07:00:00,481.63,4,1,2364,7,0
2024-06-09T08:00:00,260.66,12,1,270,8,0
2024-06-09T09:00:00,33.79,3,1,1400,9,0
2024-06-09T10:00:00,535.03,4,1,529,10,0
2024-06-09T11:00:00,44.8,11,1,1357,11,0
2024-06-09T12:00:00,173.85,7,1,2219,12,0
2024-06-09T13:00:00,89.73,4,1,1341,13,0
2024-06-09T14:00:00,62.51,11,1,1767,14,0
2024-06-09T15:00:00,10.44,4,1,562,15,0
2024-06-09T16:00:00,44.08,12,1,2123,16,0
2024-06-09T17:00:00,676.1,5,1,322,17,0
2024-06-09T18:00:00,197.93,2,1,648,18,0
2024-06-09T19:00:00,146.32,5,1,746,19,0
2024-06-09T20:00:00,194.41,7,1,1057,20,0
2024-06-09T21:00:00,19.61,1,1,864,21,0
2024-06-09T22:00:00,91.51,1,1,2421,22,0
2024-06-09T23:00:00,13.05,1,1,1208,23,0
2024-06-10T00:00:00,82.92,5,1,1927,0,0
2024-06-10T01:00:00,39.47,12,1,1865,1,0
2024-06-10T02:00:00,426.06,5,0,1721,2,0
2024-06-10T03:00:00,289.42,1,1,133,3,0
2024-06-10T04:00:00,171.01,3,1,1334,4,0
2024-06-10T05:00:00,287.81,1,1,344,5,0
2024-06-10T06:00:00,709.42,3,1,1701,6,0
2024-06-10T07:00:00,163.65,4,1,1056,7,0
2024-06-10T08:00:00,289.1,6,1,136,8,0
2024-06-10T09:00:00,458.07,4,0,328,9,0
2024-06-10T10:00:00,75.08,1,1,2414,10,0
2024-06-10T11:00:00,505.03,1,0,989,11,0
2024-06-10T12:00:00,17.96,6,1,494,12,0
2024-06-10T13:00:00,28.32,6,1,1283,13,0
2024-06-10T14:00:00,17.52,1,1,2020,14,0
2024-06-10T15:00:00,33.88,4,1,1387,15,0
2024-06-10T16:00:00,120.87,6,1,1908,16,0
2024-06-10T17:00:00,375.39,6,0,2416,17,0
2024-06-10T18:00:00,887.34,6,1,1592,18,0
2024-06-10T19:00:00,965.64,2,1,888,19,0
2024-06-10T20:00:00,12.45,10,1,1401,20,0
2024-06-10T21:00:00,25.94,9,1,1388,21,0
2024-06-10T22:00:00,56.22,1,1,1108,22,0
2024-06-10T23:00:00,387.96,2,1,1235,23,0
2024-06-11T00:00:00,71.66,11,1,1771,0,0
2024-06-11T01:00:00,31.0,4,1,1230,1,0
2024-06-11T02:00:00,17.51,3,1,29,2,0
2024-06-11T03:00:00,418.02,11,1,675,3,0
2024-06-11T04:00:00,9.53,7,1,1203,4,0
2024-06-11T05:00:00,20.64,8,1,1464,5,0
2024-06-11T06:00:00,10.56,9,1,2273,6,0
2024-06-11T07:00:00,94.78,3,1,921,7,0
2024-06-11T08:00:00,36.01,9,1,102,8,0
2024-06-11T09:00:00,413.37,11,1,485,9,0
2024-06-11T10:00:00,450.37,9,1,886,10,0
2024-06-11T11:00:00,314.83,11,1,260,11,0
2024-06-11T12:00:00,311.67,7,1,1462,12,0
2024-06-11T13:00:00,317.2,3,1,2317,13,0
2024-06-11T14:00:00,573.52,1,1,1422,14,0
2024-06-11T15:00:00,26.48,12,1,1505,15,0
2024-06-11T16:00:00,486.29,7,1,728,16,0
2024-06-11T17:00:00,343.13,12,1,1013,17,0
2024-06-11T18:00:00,499.91,2,1,1509,18,0
2024-06-11T19:00:00,397.89,6,1,1407,19,0
2024-06-11T20:00:00,788.9,2,1,2220,20,0
2024-06-11T21:00:00,157.99,3,1,1273,21,0
2024-06-11T22:00:00,296.08,4,1,1482,22,0
2024-06-11T23:00:00,947.54,4,1,789,23,0
2024-06-12T00:00:00,226.28,8,1,1373,0,0
2024-06-12T01:00:00,33.55,9,1,1094,1,0
2024-06-12T02:00:00,705.63,2,1,741,2,0
2024-06-12T03:00:00,41.2,2,1,1445,3,0
2024-06-12T04:00:00,413.43,5,1,737,4,0
2024-06-12T05:00:00,917.67,1,1,2298,5,0
2024-06-12T06:00:00,157.7,8,1,48,6,0
2024-06-12T07:00:00,765.11,5,1,1454,7,0
2024-06-12T08:00:00,339.43,9,1,1035,8,0
2024-06-12T09:00:00,175.68,2,1,1509,9,0
2024-06-12T10:00:00,209.43,11,1,1018,10,0
2024-06-12T11:00:00,469.19,6,1,2328,11,0
2024-06-12T12:00:00,882.48,7,1,1721,12,0
2024-06-12T13:00:00,45.29,8,1,1346,13,0
2024-06-12T14:00:00,350.6,6,1,2157,14,0
2024-06-12T15:00:00,60.46,8,1,237,15,0
2024-06-12T16:00:00,472.51,10,1,440,16,0
2024-06-12T17:00:00,927.56,5,1,26,17,0
2024-06-12T18:00:00,21.75,3,1,1830,18,0
2024-06-12T19:00:00,67.59,2,1,998,19,0
2024-06-12T20:00:00,11.46,10,1,2412,20,0
2024-06-12T21:00:00,11.52,7,1,1456,21,0
2024-06-12T22:00:00,14.58,1,1,828,22,0
2024-06-12T23:00:00,24.09,6,1,85,23,0
2024-06-13T00:00:00,471.91,9,0,1964,0,0
2024-06-13T01:00:00,90.64,8,1,910,1,0
2024-06-13T02:00:00,181.4,6,1,2205,2,0
2024-06-13T03:00:00,619.04,11,1,2371,3,0
2024-06-13T04:00:00,393.18,2,1,2203,4,0
2024-06-13T05:00:00,1014.63,7,1,1143,5,0
2024-06-13T06:00:00,22.19,12,0,2130,6,0
2024-06-13T07:00:00,87.94,6,1,84,7,0
2024-06-13T08:00:00,14.92,12,1,2469,8,0
2024-06-13T09:00:00,14.71,2,1,794,9,0
2024-06-13T10:00:00,138.84,3,1,2394,10,0
2024-06-13T11:00:00,15.78,5,1,1104,11,0
2024-06-13T12:00:00,11.31,11,1,356,12,0
2024-06-13T13:00:00,21.92,5,0,916,13,0
2024-06-13T14:00:00,264.89,12,1,2044,14,0
2024-06-13T15:00:00,33.0,12,1,353,15,0
2024-06-13T16:00:00,17.84,4,1,1547,16,0
2024-06-13T17:00:00,504.12,9,1,563,17,0
2024-06-13T18:00:00,508.2,9,1,1006,18,0
2024-06-13T19:00:00,19.93,5,1,612,19,0
2024-06-13T20:00:00,869.66,1,1,145,20,0
2024-06-13T21:00:00,26.01,10,1,1778,21,0
2024-06-13T22:00:00,51.22,4,1,933,22,0
2024-06-13T23:00:00,16.69,3,1,115,23,0
2024-06-14T00:00:00,629.41,11,1,1508,0,0
2024-06-14T01:00:00,194.35,10,1,402,1,0
2024-06-14T02:00:00,14.05,10,1,1437,2,0
2024-06-14T03:00:00,678.51,3,1,1424,3,0
2024-06-14T04:00:00,224.86,8,1,2202,4,0
2024-06-14T05:00:00,10.69,7,1,1236,5,0
2024-06-14T06:00:00,152.41,5,0,1820,6,0
2024-06-14T07:00:00,505.65,4,1,1055,7,0
2024-06-14T08:00:00,60.7,1,1,1240,8,0
2024-06-14T09:00:00,587.06,9,1,1412,9,0
2024-06-14T10:00:00,161.17,9,1,1533,10,0
2024-06-14T11:00:00,81.54,2,1,2110,11,0
2024-06-14T12:00:00,43.33,11,1,883,12,0
2024-06-14T13:00:00,132.86,10,1,701,13,0
2024-06-14T14:00:00,316.06,8,0,177,14,0
2024-06-14T15:00:00,236.25,4,1,1022,15,0
2024-06-14T16:00:00,60.13,9,1,987,16,0
2024-06-14T17:00:00,91.37,10,0,607,17,0
2024-06-14T18:00:00,57.11,6,1,2448,18,0
2024-06-14T19:00:00,232.59,8,1,1959,19,0
2024-06-14T20:00:00,143.93,4,1,1612,20,0
2024-06-14T21:00:00,14.29,10,1,1251,21,0
2024-06-14T22:00:00,32.02,1,1,1217,22,0
2024-06-14T23:00:00,83.14,6,1,2232,23,0
2024-06-15T00:00:00,9.33,3,1,662,0,0
2024-06-15T01:00:00,693.14,2,1,2264,1,0
2024-06-15T02:00:00,309.27,10,0,1961,2,0
2024-06-15T03:00:00,72.2,11,1,415,3,0
2024-06-15T04:00:00,793.02,3,1,2005,4,0
2024-06-15T05:00:00,246.37,8,1,723,5,0
2024-06-15T06:00:00,888.37,9,1,1511,6,0
2024-06-15T07:00:00,269.38,3,1,772,7,0
2024-06-15T08:00:00,459.55,9,1,1936,8,0
2024-06-15T09:00:00,812.64,5,1,1450,9,0
2024-06-15T10:00:00,19.49,8,1,1590,10,0
2024-06-15T11:00:00,135.39,8,1,1101,11,0
2024-06-15T12:00:00,365.09,2,1,1052,12,0
2024-06-15T13:00:00,28.61,7,1,2084,13,0
2024-06-15T14:00:00,223.1,9,1,1867,14,0
2024-06-15T15:00:00,447.81,1,0,1892,15,0
2024-06-15T16:00:00,31.73,5,1,1224,16,0
2024-06-15T17:00:00,15.28,2,1,74,17,0
2024-06-15T18:00:00,555.55,8,1,2423,18,0
2024-06-15T19:00:00,73.01,11,1,137,19,0
2024-06-15T20:00:00,218.5,9,1,14,20,0
2024-06-15T21:00:00,20.16,10,1,356,21,0
2024-06-15T22:00:00,73.41,11,1,1728,22,0
2024-06-15T23:00:00,11.71,5,1,25,23,0
2024-06-16T00:00:00,19.77,11,1,1262,0,0
2024-06-16T01:00:00,65.75,7,1,391,1,0
2024-06-16T02:00:00,302.4,9,1,924,2,0
2024-06-16T03:00:00,15.27,5,0,704,3,0
2024-06-16T04:00:00,60.36,6,1,2123,4,0
2024-06-16T05:00:00,31.48,6,1,1693,5,0
2024-06-16T06:00:00,262.39,10,1,2050,6,0
2024-06-16T07:00:00,81.03,7,1,2029,7,0
2024-06-16T08:00:00,397.68,6,1,1357,8,0
2024-06-16T09:00:00,17.69,10,1,739,9,0
2024-06-16T10:00:00,47.84,8,1,1122,10,0
2024-06-16T11:00:00,11.19,10,1,2164,11,0
2024-06-16T12:00:00,467.86,7,1,1453,12,0
2024-06-16T13:00:00,24.42,7,1,1506,13,0
2024-06-16T14:00:00,10.27,9,1,390,14,0
2024-06-16T15:00:00,162.99,1,1,2039,15,0
2024-06-16T16:00:00,150.13,7,1,1339,16,0
2024-06-16T17:00:00,120.32,3,1,493,17,0
2024-06-16T18:00:00,51.7,8,1,551,18,0
2024-06-16T19:00:00,12.57,6,1,873,19,0
2024-06-16T20:00:00,368.89,8,1,867,20,0
2024-06-16T21:00:00,10.89,10,1,2161,21,0
2024-06-16T22:00:00,125.43,10,1,952,22,0
2024-06-16T23:00:00,11.83,1,1,2299,23,0
2024-06-17T00:00:00,126.83,3,1,398,0,0
2024-06-17T01:00:00,91.75,12,1,2226,1,0
2024-06-17T02:00:00,973.07,8,1,2133,2,0
2024-06-17T03:00:00,40.97,9,1,580,3,0
2024-06-17T04:00:00,16.35,4,1,896,4,0
2024-06-17T05:00:00,989.58,6,0,250,5,0
2024-06-17T06:00:00,143.78,12,1,242,6,0
2024-06-17T07:00:00,936.44,3,1,2006,7,0
2024-06-17T08:00:00,13.24,5,1,204,8,0
2024-06-17T09:00:00,669.98,2,1,2390,9,0
2024-06-17T10:00:00,350.58,12,1,776,10,0
2024-06-17T11:00:00,317.5,6,1,1530,11,0
2024-06-17T12:00:00,11.92,10,1,21,12,0
2024-06-17T13:00:00,116.69,7,1,582,13,0
2024-06-17T14:00:00,346.5,8,1,2127,14,0
2024-06-17T15:00:00,698.34,9,1,800,15,0
2024-06-17T16:00:00,903.31,6,1,1220,16,0
2024-06-17T17:00:00,16.65,7,1,1843,17,0
2024-06-17T18:00:00,73.38,9,1,1337,18,0
2024-06-17T19:00:00,131.99,12,0,604,19,0
2024-06-17T20:00:00,535.52,7,1,126,20,0
2024-06-17T21:00:00,18.39,9,1,1428,21,0
2024-06-17T22:00:00,857.66,9,1,1619,22,0
2024-06-17T23:00:00,14.9,10,1,647,23,0
2024-06-18T00:00:00,991.94,5,1,696,0,0
2024-06-18T01:00:00,32.22,1,1,468,1,0
2024-06-18T02:00:00,44.65,5,1,1841,2,0
2024-06-18T03:00:00,434.99,3,1,413,3,0
2024-06-18T04:00:00,21.84,8,1,640,4,0
2024-06-18T05:00:00,104.62,1,1,1209,5,0
2024-06-18T06:00:00,859.68,12,1,2132,6,0
2024-06-18T07:00:00,266.38,4,1,1074,7,0
2024-06-18T08:00:00,54.52,4,1,1872,8,0
2024-06-18T09:00:00,50.85,12,1,1260,9,0
2024-06-18T10:00:00,64.02,2,1,1697,10,0
2024-06-18T11:00:00,548.88,6,1,1169,11,0
2024-06-18T12:00:00,725.51,1,1,1544,12,0
2024-06-18T13:00:00,62.03,7,1,1591,13,0
2024-06-18T14:00:00,24.46,11,1,156,14,0
2024-06-18T15:00:00,17.59,12,1,2154,15,0
2024-06-18T16:00:00,543.92,5,0,17,16,0
2024-06-18T17:00:00,91.97,5,1,435,17,0
2024-06-18T18:00:00,612.62,7,1,855,18,0
2024-06-18T19:00:00,1083.17,5,1,624,19,0
2024-06-18T20:00:00,110.62,1,1,1747,20,0
2024-06-18T21:00:00,613.78,5,1,243,21,0
2024-06-18T22:00:00,292.25,12,1,302,22,0
2024-06-18T23:00:00,125.67,11,1,1188,23,0
2024-06-19T00:00:00,9.58,6,1,765,0,0
2024-06-19T01:00:00,81.59,8,1,1908,1,0
2024-06-19T02:00:00,9.28,7,1,87,2,0
2024-06-19T03:00:00,233.12,5,1,2379,3,0
2024-06-19T04:00:00,65.85,8,1,442,4,0
2024-06-19T05:00:00,18.46,5,1,1398,5,0
2024-06-19T06:00:00,132.9,1,1,1,6,0
2024-06-19T07:00:00,71.99,8,1,95,7,0
2024-06-19T08:00:00,159.06,11,1,2410,8,0
2024-06-19T09:00:00,421.48,11,1,2112,9,0
2024-06-19T10:00:00,137.77,10,1,412,10,0
2024-06-19T11:00:00,42.39,1,1,2215,11,0
2024-06-19T12:00:00,30.67,11,0,2366,12,0
2024-06-19T13:00:00,765.43,11,1,1137,13,0
2024-06-19T14:00:00,13.52,12,1,703,14,0
2024-06-19T15:00:00,109.16,12,1,1475,15,0
2024-06-19T16:00:00,320.85,5,1,2476,16,0
2024-06-19T17:00:00,51.2,4,1,289,17,0
2024-06-19T18:00:00,90.54,1,1,527,18,0
2024-06-19T19:00:00,34.96,5,1,1447,19,0
2024-06-19T20:00:00,313.81,5,1,1126,20,0
2024-06-19T21:00:00,1039.8,2,0,322,21,0
2024-06-19T22:00:00,30.16,11,1,232,22,0
2024-06-19T23:00:00,172.01,7,1,1337,23,0
2024-06-20T00:00:00,17.87,12,1,898,0,0
2024-06-20T01:00:00,386.99,11,1,1806,1,0
2024-06-20T02:00:00,140.53,5,1,1966,2,0
2024-06-20T03:00:00,45.64,10,1,2123,3,0
2024-06-20T04:00:00,90.19,12,1,1485,4,0
2024-06-20T05:00:00,11.73,8,1,583,5,0
2024-06-20T06:00:00,243.64,12,1,1824,6,0
2024-06-20T07:00:00,17.85,3,1,1043,7,0
2024-06-20T08:00:00,307.53,5,1,2475,8,0
2024-06-20T09:00:00,57.95,6,1,538,9,0
2024-06-20T10:00:00,158.06,11,1,963,10,0
2024-06-20T11:00:00,966.9,3,1,2041,11,0
2024-06-20T12:00:00,889.68,2,1,163,12,0
2024-06-20T13:00:00,191.18,12,1,1839,13,0
2024-06-20T14:00:00,250.13,9,1,1971,14,0
2024-06-20T15:00:00,469.56,1,1,110,15,0
2024-06-20T16:00:00,271.96,9,1,1814,16,0
2024-06-20T17:00:00,24.87,5,1,282,17,0
2024-06-20T18:00:00,52.09,9,1,2485,18,0
2024-06-20T19:00:00,28.01,4,0,2402,19,0
2024-06-20T20:00:00,28.94,4,1,1024,20,0
2024-06-20T21:00:00,444.88,7,1,2345,21,0
2024-06-20T22:00:00,944.95,2,1,1440,22,0
2024-06-20T23:00:00,16.77,3,1,757,23,0
2024-06-21T00:00:00,282.33,6,1,1387,0,0
2024-06-21T01:00:00,205.55,9,1,618,1,0
2024-06-21T02:00:00,81.45,4,1,1285,2,0
2024-06-21T03:00:00,160.74,7,1,2444,3,0
2024-06-21T04:00:00,10.24,11,1,12,4,0
2024-06-21T05:00:00,17.84,11,1,274,5,0
2024-06-21T06:00:00,18.1,11,1,283,6,0
2024-06-21T07:00:00,57.84,5,1,785,7,0
2024-06-21T08:00:00,9.72,5,1,1238,8,0
2024-06-21T09:00:00,10.41,3,1,1957,9,0
2024-06-21T10:00:00,44.64,7,1,1968,10,0
2024-06-21T11:00:00,15.04,2,1,145,11,0
2024-06-21T12:00:00,12.06,4,1,759,12,0
2024-06-21T13:00:00,9.46,8,1,1601,13,0
2024-06-21T14:00:00,20.49,12,1,1587,14,0
2024-06-21T15:00:00,211.64,12,1,1810,15,0
2024-06-21T16:00:00,230.87,5,1,1388,16,0
2024-06-21T17:00:00,355.82,5,1,1805,17,0
2024-06-21T18:00:00,428.69,10,0,881,18,0
2024-06-21T19:00:00,316.41,11,1,219,19,0
2024-06-21T20:00:00,31.73,11,1,436,20,0
2024-06-21T21:00:00,182.44,10,1,1147,21,0
2024-06-21T22:00:00,110.29,3,1,2143,22,0
2024-06-21T23:00:00,526.41,8,1,1279,23,0
2024-06-22T00:00:00,40.05,10,1,1352,0,0
2024-06-22T01:00:00,417.63,1,1,536,1,0
2024-06-22T02:00:00,621.49,10,1,2080,2,0
2024-06-22T03:00:00,360.54,1,1,1498,3,0
2024-06-22T04:00:00,595.68,11,1,743,4,0
2024-06-22T05:00:00,196.55,1,1,90,5,0
2024-06-22T06:00:00,947.09,6,1,766,6,0
2024-06-22T07:00:00,627.35,4,1,1322,7,0
2024-06-22T08:00:00,918.19,1,1,1307,8,0
2024-06-22T09:00:00,15.82,1,1,713,9,0
2024-06-22T10:00:00,114.8,9,1,1373,10,0
2024-06-22T11:00:00,269.93,12,1,281,11,0
2024-06-22T12:00:00,524.16,8,1,1818,12,0
2024-06-22T13:00:00,24.39,5,1,2005,13,0
2024-06-22T14:00:00,84.24,8,1,29,14,0
2024-06-22T15:00:00,351.42,2,1,1241,15,0
2024-06-22T16:00:00,95.54,8,1,723,16,0
2024-06-22T17:00:00,283.2,12,1,742,17,0
2024-06-22T18:00:00,785.5,4,1,2003,18,0
2024-06-22T19:00:00,734.47,10,1,1544,19,0
2024-06-22T20:00:00,54.06,11,1,1075,20,0
2024-06-22T21:00:00,36.87,3,0,1731,21,0
2024-06-22T22:00:00,141.23,10,1,2228,22,0
2024-06-22T23:00:00,50.61,2,1,827,23,0
2024-06-23T00:00:00,625.83,11,1,922,0,0
2024-06-23T01:00:00,40.33,4,1,474,1,0
2024-06-23T02:00:00,263.22,9,1,465,2,0
2024-06-23T03:00:00,550.46,9,0,1373,3,0
2024-06-23T04:00:00,123.97,10,1,462,4,0
2024-06-23T05:00:00,14.87,7,1,1155,5,0
2024-06-23T06:00:00,280.24,1,1,346,6,0
2024-06-23T07:00:00,897.94,7,0,294,7,0
2024-06-23T08:00:00,76.18,5,0,225,8,0
2024-06-23T09:00:00,1031.41,12,1,1022,9,0
2024-06-23T10:00:00,735.73,3,1,118,10,0
2024-06-23T11:00:00,351.21,5,1,1766,11,0
2024-06-23T12:00:00,41.49,6,1,1308,12,0
2024-06-23T13:00:00,221.11,11,0,830,13,0
2024-06-23T14:00:00,403.81,5,1,331,14,0
2024-06-23T15:00:00,77.14,12,0,547,15,0
2024-06-23T16:00:00,11.18,10,1,1077,16,0
2024-06-23T17:00:00,764.12,7,0,2318,17,0
2024-06-23T18:00:00,586.01,11,1,1355,18,0
2024-06-23T19:00:00,699.39,7,0,804,19,0
2024-06-23T20:00:00,39.34,7,1,1759,20,0
2024-06-23T21:00:00,194.58,8,1,42,21,0
2024-06-23T22:00:00,115.65,11,1,189,22,0
2024-06-23T23:00:00,122.91,9,1,2245,23,0
2024-06-24T00:00:00,214.99,9,1,1295,0,0
2024-06-24T01:00:00,38.88,8,1,1790,1,0
2024-06-24T02:00:00,48.73,1,1,351,2,0
2024-06-24T03:00:00,9.65,7,1,1670,3,0
2024-06-24T04:00:00,88.18,1,1,2335,4,0
2024-06-24T05:00:00,9.55,5,0,833,5,0
2024-06-24T06:00:00,791.35,3,1,2270,6,0
2024-06-24T07:00:00,65.13,7,1,2276,7,0
2024-06-24T08:00:00,134.83,8,1,499,8,0
2024-06-24T09:00:00,110.59,10,1,260,9,0
2024-06-24T10:00:00,102.38,6,1,2,10,0
2024-06-24T11:00:00,15.54,3,1,1887,11,0
2024-06-24T12:00:00,23.44,1,1,1195,12,0
2024-06-24T13:00:00,130.46,12,1,2439,13,0
2024-06-24T14:00:00,32.8,1,1,1948,14,0
2024-06-24T15:00:00,66.25,6,1,290,15,0
2024-06-24T16:00:00,333.82,6,1,1476,16,0
2024-06-24T17:00:00,97.93,10,1,2138,17,0
2024-06-24T18:00:00,14.91,7,1,439,18,0
2024-06-24T19:00:00,335.0,2,1,675,19,0
2024-06-24T20:00:00,40.52,2,1,1634,20,0
2024-06-24T21:00:00,71.55,3,1,633,21,0
2024-06-24T22:00:00,220.39,2,1,2218,22,0
2024-06-24T23:00:00,243.91,6,1,1249,23,0
2024-06-25T00:00:00,9.94,3,1,2099,0,0
2024-06-25T01:00:00,1040.37,9,1,806,1,0
2024-06-25T02:00:00,221.9,11,1,1637,2,0
2024-06-25T03:00:00,14.35,11,1,633,3,0
2024-06-25T04:00:00,330.74,7,1,950,4,0
2024-06-25T05:00:00,194.37,6,1,755,5,0
2024-06-25T06:00:00,19.4,6,1,1889,6,0
2024-06-25T07:00:00,411.73,12,1,224,7,0
2024-06-25T08:00:00,665.86,9,1,1028,8,0
2024-06-25T09:00:00,741.98,12,1,2286,9,0
2024-06-25T10:00:00,25.7,5,1,603,10,0
2024-06-25T11:00:00,307.83,11,1,1222,11,0
2024-06-25T12:00:00,314.16,1,1,253,12,0
2024-06-25T13:00:00,122.69,4,1,231,13,0
2024-06-25T14:00:00,93.61,6,1,669,14,0
2024-06-25T15:00:00,338.75,10,1,1067,15,0
2024-06-25T16:00:00,127.27,3,1,1887,16,0
2024-06-25T17:00:00,61.95,11,1,651,17,0
2024-06-25T18:00:00,188.14,12,1,886,18,0
2024-06-25T19:00:00,153.56,11,1,933,19,0
2024-06-25T20:00:00,133.14,10,1,786,20,0
2024-06-25T21:00:00,367.0,4,1,388,21,0
2024-06-25T22:00:00,82.71,3,1,1953,22,0
2024-06-25T23:00:00,595.19,2,1,1984,23,0
2024-06-26T00:00:00,131.49,7,1,215,0,0
2024-06-26T01:00:00,429.18,3,1,2367,1,0
2024-06-26T02:00:00,26.89,2,0,1030,2,0
2024-06-26T03:00:00,59.57,11,1,2384,3,0
2024-06-26T04:00:00,13.26,5,1,110,4,0
2024-06-26T05:00:00,971.81,12,1,967,5,0
2024-06-26T06:00:00,879.33,3,1,1423,6,0
2024-06-26T07:00:00,90.28,7,1,299,7,0
2024-06-26T08:00:00,97.55,2,1,1788,8,0
2024-06-26T09:00:00,33.2,3,1,1237,9,0
2024-06-26T10:00:00,110.09,9,1,1555,10,0
2024-06-26T11:00:00,325.03,11,1,333,11,0
2024-06-26T12:00:00,831.37,3,1,738,12,0
2024-06-26T13:00:00,123.33,10,1,2079,13,0
2024-06-26T14:00:00,1089.65,11,1,860,14,0
2024-06-26T15:00:00,65.0,10,1,470,15,0
2024-06-26T16:00:00,307.35,2,1,964,16,0
2024-06-26T17:00:00,298.45,7,1,2419,17,0
2024-06-26T18:00:00,1018.29,5,1,1767,18,0
2024-06-26T19:00:00,36.25,3,1,2415,19,0
2024-06-26T20:00:00,19.07,12,1,896,20,0
2024-06-26T21:00:00,17.24,2,1,31,21,0
2024-06-26T22:00:00,25.86,8,1,1098,22,0
2024-06-26T23:00:00,39.75,11,1,1570,23,0
2024-06-27T00:00:00,59.1,2,1,2127,0,0
2024-06-27T01:00:00,1079.98,7,1,223,1,0
2024-06-27T02:00:00,304.65,2,1,912,2,0
2024-06-27T03:00:00,12.84,8,1,1424,3,0
2024-06-27T04:00:00,15.71,10,1,685,4,0
2024-06-27T05:00:00,99.51,9,1,1993,5,0
2024-06-27T06:00:00,135.75,10,1,1779,6,0
2024-06-27T07:00:00,52.35,7,1,431,7,0
2024-06-27T08:00:00,287.31,4,1,2166,8,0
2024-06-27T09:00:00,58.32,5,1,603,9,0
2024-06-27T10:00:00,97.17,6,1,1126,10,0
2024-06-27T11:00:00,75.9,4,0,746,11,0
2024-06-27T12:00:00,9.07,3,1,88,12,0
2024-06-27T13:00:00,485.25,3,1,1555,13,0
2024-06-27T14:00:00,26.51,11,1,2210,14,0
2024-06-27T15:00:00,15.51,9,1,1679,15,0
2024-06-27T16:00:00,51.94,11,1,710,16,0
2024-06-27T17:00:00,19.35,10,0,1409,17,0
2024-06-27T18:00:00,667.23,9,1,490,18,0
2024-06-27T19:00:00,388.99,3,1,849,19,0
2024-06-27T20:00:00,413.66,1,1,2255,20,0
2024-06-27T21:00:00,92.44,7,1,1715,21,0
2024-06-27T22:00:00,22.81,10,1,2213,22,0
2024-06-27T23:00:00,12.05,8,1,2086,23,0
2024-06-28T00:00:00,686.14,9,1,1002,0,0
2024-06-28T01:00:00,473.76,6,1,83,1,0
2024-06-28T02:00:00,325.79,11,1,825,2,0
2024-06-28T03:00:00,27.61,3,1,271,3,0
2024-06-28T04:00:00,495.82,5,0,977,4,0
2024-06-28T05:00:00,462.1,7,1,2465,5,0
2024-06-28T06:00:00,27.47,1,1,108,6,0
2024-06-28T07:00:00,76.89,1,1,1592,7,0
2024-06-28T08:00:00,395.59,8,0,1099,8,0
2024-06-28T09:00:00,307.46,9,0,134,9,0
2024-06-28T10:00:00,21.52,10,0,1913,10,0
2024-06-28T11:00:00,27.45,7,1,2266,11,0
2024-06-28T12:00:00,533.8,4,1,231,12,0
2024-06-28T13:00:00,347.55,12,1,654,13,0
2024-06-28T14:00:00,177.97,2,1,516,14,0
2024-06-28T15:00:00,76.57,7,1,1962,15,0
2024-06-28T16:00:00,14.4,7,1,192,16,0
2024-06-28T17:00:00,1075.29,10,1,371,17,0
2024-06-28T18:00:00,30.02,10,1,1854,18,0
2024-06-28T19:00:00,1095.95,2,1,976,19,0
2024-06-28T20:00:00,52.88,8,1,1119,20,0
2024-06-28T21:00:00,14.19,10,1,956,21,0
2024-06-28T22:00:00,81.67,12,1,719,22,0
2024-06-28T23:00:00,20.7,3,1,76,23,0
2024-07-01T00:00:00,73.78,11,0,1538,0,0
2024-07-01T01:00:00,27.85,1,1,2198,1,0
2024-07-01T02:00:00,75.92,3,1,1836,2,0
2024-07-01T03:00:00,19.03,1,0,1798,3,0
2024-07-01T04:00:00,190.14,2,1,559,4,0
2024-07-01T05:00:00,14.62,12,1,2170,5,0
2024-07-01T06:00:00,309.32,8,0,1361,6,0
2024-07-01T07:00:00,17.51,6,1,2253,7,0
2024-07-01T08:00:00,69.7,2,1,1599,8,0
2024-07-01T09:00:00,13.09,6,1,1649,9,0
2024-07-01T10:00:00,37.84,9,1,1450,10,0
2024-07-01T11:00:00,603.98,6,0,2020,11,0
2024-07-01T12:00:00,20.34,9,1,358,12,0
2024-07-01T13:00:00,23.69,12,1,1423,13,0
2024-07-01T14:00:00,14.16,11,1,359,14,0
2024-07-01T15:00:00,10.42,6,1,320,15,0
2024-07-01T16:00:00,260.92,7,1,439,16,0
2024-07-01T17:00:00,675.47,2,1,1443,17,0
2024-07-01T18:00:00,16.0,9,1,505,18,0
2024-07-01T19:00:00,78.82,3,1,586,19,0
2024-07-01T20:00:00,28.34,11,1,1661,20,0
2024-07-01T21:00:00,38.36,2,1,736,21,0
2024-07-01T22:00:00,9.16,4,1,180,22,0
2024-07-01T23:00:00,319.35,10,1,568,23,0
2024-07-02T00:00:00,14.56,10,1,1054,0,0
2024-07-02T01:00:00,700.3,5,1,1356,1,0
2024-07-02T02:00:00,42.38,5,1,1660,2,0
2024-07-02T03:00:00,528.71,7,0,2297,3,0
2024-07-02T04:00:00,62.25,1,1,1398,4,0
2024-07-02T05:00:00,17.32,5,1,2393,5,0
2024-07-02T06:00:00,190.46,12,1,267,6,0
2024-07-02T07:00:00,440.84,1,1,1814,7,0
2024-07-02T08:00:00,48.09,6,1,533,8,0
2024-07-02T09:00:00,110.61,11,0,1519,9,0
2024-07-02T10:00:00,90.59,5,1,714,10,0
2024-07-02T11:00:00,853.21,9,1,649,11,0
2024-07-02T12:00:00,25.78,1,1,2500,12,0
2024-07-02T13:00:00,408.23,7,1,1710,13,0
2024-07-02T14:00:00,44.74,4,1,1343,14,0
2024-07-02T15:00:00,263.83,8,1,1569,15,0
2024-07-02T16:00:00,1085.82,10,1,325,16,0
2024-07-02T17:00:00,10.82,7,1,429,17,0
2024-07-02T18:00:00,20.6,5,1,904,18,0
2024-07-02T19:00:00,70.09,7,1,1,19,0
2024-07-02T20:00:00,445.47,9,1,1636,20,0
2024-07-02T21:00:00,41.19,10,1,320,21,0
2024-07-02T22:00:00,580.56,10,1,2391,22,0
2024-07-02T23:00:00,745.61,7,1,741,23,0
2024-07-03T00:00:00,174.36,8,1,1146,0,0
2024-07-03T01:00:00,21.99,12,1,450,1,0
2024-07-03T02:00:00,667.32,9,0,1323,2,0
2024-07-03T03:00:00,159.41,12,1,1321,3,0
2024-07-03T04:00:00,49.58,5,1,903,4,0
2024-07-03T05:00:00,12.21,9,1,392,5,0
2024-07-03T06:00:00,17.77,6,1,1998,6,0
2024-07-03T07:00:00,179.42,11,1,1313,7,0
2024-07-03T08:00:00,415.34,6,1,1934,8,0
2024-07-03T09:00:00,12.18,8,1,68,9,0
2024-07-03T10:00:00,137.3,3,1,896,10,0
2024-07-03T11:00:00,26.71,5,1,95,11,0
2024-07-03T12:00:00,601.64,7,1,219,12,0
2024-07-03T13:00:00,167.4,9,1,2164,13,0
2024-07-03T14:00:00,64.22,9,1,248,14,0
2024-07-03T15:00:00,1015.78,11,1,1189,15,0
2024-07-03T16:00:00,203.23,1,1,1058,16,0
2024-07-03T17:00:00,270.2,6,1,465,17,0
2024-07-03T18:00:00,11.03,5,1,1343,18,0
2024-07-03T19:00:00,663.53,3,1,2139,19,0
2024-07-03T20:00:00,820.2,9,1,1541,20,0
2024-07-03T21:00:00,757.62,3,0,2499,21,0
2024-07-03T22:00:00,24.86,9,1,1390,22,0
2024-07-03T23:00:00,42.27,6,1,3,23,0
2024-07-04T00:00:00,11.68,8,1,2293,0,0
2024-07-04T01:00:00,173.78,1,1,658,1,0
2024-07-04T02:00:00,102.39,5,1,2243,2,0
2024-07-04T03:00:00,163.95,12,1,876,3,0
2024-07-04T04:00:00,14.58,1,1,2177,4,0
2024-07-04T05:00:00,128.64,7,1,1912,5,0
2024-07-04T06:00:00,1023.44,4,1,2265,6,0
2024-07-04T07:00:00,82.27,9,1,2413,7,0
2024-07-04T08:00:00,607.32,4,1,1995,8,0
2024-07-04T09:00:00,296.1,11,1,227,9,0
2024-07-04T10:00:00,59.03,10,1,1570,10,0
2024-07-04T11:00:00,217.73,8,1,274,11,0
2024-07-04T12:00:00,60.38,11,1,257,12,0
2024-07-04T13:00:00,783.48,3,1,544,13,0
2024-07-04T14:00:00,12.77,3,1,2286,14,0
2024-07-04T15:00:00,381.97,2,1,2090,15,0
2024-07-04T16:00:00,208.53,1,1,461,16,0
2024-07-04T17:00:00,1084.78,9,1,1868,17,0
2024-07-04T18:00:00,16.03,12,1,716,18,0
2024-07-04T19:00:00,106.4,11,1,1882,19,0
2024-07-04T20:00:00,247.94,4,1,2399,20,0
2024-07-04T21:00:00,238.1,6,1,1499,21,0
2024-07-04T22:00:00,391.83,6,1,539,22,0
2024-07-04T23:00:00,11.16,1,1,859,23,0
2024-07-05T00:00:00,45.29,3,1,76,0,0
2024-07-05T01:00:00,279.21,3,1,894,1,0
2024-07-05T02:00:00,12.73,11,1,771,2,0
2024-07-05T03:00:00,514.6,2,1,507,3,0
2024-07-05T04:00:00,493.8,3,1,1698,4,0
2024-07-05T05:00:00,30.39,11,0,981,5,0
2024-07-05T06:00:00,116.87,5,1,1370,6,0
2024-07-05T07:00:00,56.87,6,1,1691,7,0
2024-07-05T08:00:00,290.09,2,1,2154,8,0
2024-07-05T09:00:00,38.42,3,1,180,9,0
2024-07-05T10:00:00,271.35,4,1,1115,10,0
2024-07-05T11:00:00,60.15,6,1,185,11,0
2024-07-05T12:00:00,9.04,5,1,1337,12,0
2024-07-05T13:00:00,294.59,2,1,2465,13,0
2024-07-05T14:00:00,140.03,8,1,1649,14,0
2024-07-05T15:00:00,41.57,2,1,858,15,0
2024-07-05T16:00:00,198.73,7,1,1448,16,0
2024-07-05T17:00:00,64.53,12,1,956,17,0
2024-07-05T18:00:00,181.33,4,1,1173,18,0
2024-07-05T19:00:00,18.01,2,1,638,19,0
2024-07-05T20:00:00,32.66,3,1,383,20,0
2024-07-05T21:00:00,22.43,3,1,319,21,0
2024-07-05T22:00:00,57.08,5,1,142,22,0
2024-07-05T23:00:00,123.15,11,1,310,23,0
2024-07-06T00:00:00,17.91,12,1,1003,0,0
2024-07-06T01:00:00,21.39,9,1,2020,1,0
2024-07-06T02:00:00,175.57,2,1,2477,2,0
2024-07-06T03:00:00,256.21,12,1,771,3,0
2024-07-06T04:00:00,15.64,1,1,2076,4,0
2024-07-06T05:00:00,41.72,6,1,1632,5,0
2024-07-06T06:00:00,258.98,5,1,1380,6,0
2024-07-06T07:00:00,32.76,12,1,164,7,0
2024-07-06T08:00:00,44.34,9,1,533,8,0
2024-07-06T09:00:00,32.31,3,1,1379,9,0
2024-07-06T10:00:00,588.92,1,1,2370,10,0
2024-07-06T11:00:00,817.34,11,1,1073,11,0
2024-07-06T12:00:00,443.39,1,1,869,12,0
2024-07-06T13:00:00,60.4,1,1,1340,13,0
2024-07-06T14:00:00,45.33,10,1,471,14,0
2024-07-06T15:00:00,22.59,5,1,403,15,0
2024-07-06T16:00:00,14.41,11,1,1819,16,0
2024-07-06T17:00:00,18.66,7,1,1820,17,0
2024-07-06T18:00:00,37.45,4,1,867,18,0
2024-07-06T19:00:00,803.21,9,1,1091,19,0
2024-07-06T20:00:00,606.7,1,1,2363,20,0
2024-07-06T21:00:00,26.77,6,1,264,21,0
2024-07-06T22:00:00,250.1,9,1,1927,22,0
2024-07-06T23:00:00,835.12,7,1,1349,23,0
2024-07-07T00:00:00,26.2,7,0,2321,0,0
2024-07-07T01:00:00,18.79,1,1,1210,1,0
2024-07-07T02:00:00,109.12,11,1,1835,2,0
2024-07-07T03:00:00,42.52,5,1,2211,3,0
2024-07-07T04:00:00,124.54,12,1,406,4,0
2024-07-07T05:00:00,24.75,11,1,980,5,0
2024-07-07T06:00:00,170.75,4,1,2368,6,0
2024-07-07T07:00:00,38.15,12,1,577,7,0
2024-07-07T08:00:00,347.78,7,1,1765,8,0
2024-07-07T09:00:00,188.67,8,1,702,9,0
2024-07-07T10:00:00,652.45,4,1,480,10,0
2024-07-07T11:00:00,18.22,11,0,1114,11,0
2024-07-07T12:00:00,17.38,8,1,653,12,0
2024-07-07T13:00:00,37.54,1,1,182,13,0
2024-07-07T14:00:00,181.95,5,0,183,14,0
2024-07-07T15:00:00,9.89,6,1,985,15,0
2024-07-07T16:00:00,627.19,11,1,513,16,0
2024-07-07T17:00:00,945.73,1,1,337,17,0
2024-07-07T18:00:00,72.23,3,1,31,18,0
2024-07-07T19:00:00,17.0,10,1,520,19,0
2024-07-07T20:00:00,22.64,12,1,761,20,0
2024-07-07T21:00:00,32.19,10,0,827,21,0
2024-07-07T22:00:00,23.74,6,1,2082,22,0
2024-07-07T23:00:00,184.37,8,1,579,23,0
2024-07-08T00:00:00,14.77,8,1,2274,0,0
2024-07-08T01:00:00,514.47,11,1,102,1,0
2024-07-08T02:00:00,485.62,3,1,2152,2,0
2024-07-08T03:00:00,15.54,10,1,1813,3,0
2024-07-08T04:00:00,72.55,10,1,10,4,0
2024-07-08T05:00:00,51.99,10,1,1451,5,0
2024-07-08T06:00:00,430.27,2,1,27,6,0
2024-07-08T07:00:00,84.17,10,1,1083,7,0
2024-07-08T08:00:00,18.03,12,1,205,8,0
2024-07-08T09:00:00,29.97,12,1,11,9,0
2024-07-08T10:00:00,9.79,4,1,1802,10,0
2024-07-08T11:00:00,53.25,4,1,1444,11,0
2024-07-08T12:00:00,66.48,9,1,823,12,0
2024-07-08T13:00:00,18.77,1,1,1382,13,0
2024-07-08T14:00:00,303.38,1,1,2474,14,0
2024-07-08T15:00:00,325.52,9,1,1627,15,0
2024-07-08T16:00:00,126.61,3,1,906,16,0
2024-07-08T17:00:00,245.33,1,1,978,17,0
2024-07-08T18:00:00,140.74,8,1,723,18,0
2024-07-08T19:00:00,775.93,9,1,23,19,0
2024-07-08T20:00:00,11.81,4,1,1486,20,0
2024-07-08T21:00:00,20.52,5,1,494,21,0
2024-07-08T22:00:00,52.2,5,1,2336,22,0
2024-07-08T23:00:00,169.24,3,1,2379,23,0
2024-07-09T00:00:00,10.71,4,1,475,0,0
2024-07-09T01:00:00,530.91,11,1,2361,1,0
2024-07-09T02:00:00,32.32,11,1,1008,2,0
2024-07-09T03:00:00,362.01,4,1,215,3,0
2024-07-09T04:00:00,857.58,3,1,1223,4,0
2024-07-09T05:00:00,88.96,7,1,1167,5,0
2024-07-09T06:00:00,173.72,3,1,2268,6,0
2024-07-09T07:00:00,297.24,3,1,2386,7,0
2024-07-09T08:00:00,106.16,12,1,2254,8,0
2024-07-09T09:00:00,10.85,1,1,1972,9,0
2024-07-09T10:00:00,13.65,11,1,97,10,0
2024-07-09T11:00:00,62.01,3,0,1665,11,0
2024-07-09T12:00:00,10.56,4,0,452,12,0
2024-07-09T13:00:00,647.92,3,1,1077,13,0
2024-07-09T14:00:00,141.73,4,1,1231,14,0
2024-07-09T15:00:00,651.34,12,1,1420,15,0
2024-07-09T16:00:00,9.91,6,1,2215,16,0
2024-07-09T17:00:00,30.83,3,1,1372,17,0
2024-07-09T18:00:00,200.42,8,1,1858,18,0
2024-07-09T19:00:00,12.41,8,1,1230,19,0
2024-07-09T20:00:00,52.29,9,1,1107,20,0
2024-07-09T21:00:00,14.88,2,1,188,21,0
2024-07-09T22:00:00,343.93,4,1,1677,22,0
2024-07-09T23:00:00,57.78,6,1,1966,23,0
2024-07-10T00:00:00,294.5,7,1,1098,0,0
2024-07-10T01:00:00,690.11,5,1,1213,1,0
2024-07-10T02:00:00,21.83,6,1,1165,2,0
2024-07-10T03:00:00,191.38,3,1,570,3,0
2024-07-10T04:00:00,12.97,8,1,1967,4,0
2024-07-10T05:00:00,112.54,9,1,1485,5,0
2024-07-10T06:00:00,27.12,2,1,2237,6,0
2024-07-10T07:00:00,81.32,1,1,157,7,0
2024-07-10T08:00:00,137.46,1,1,460,8,0
2024-07-10T09:00:00,19.79,8,1,1059,9,0
2024-07-10T10:00:00,69.42,2,1,163,10,0
2024-07-10T11:00:00,143.83,6,1,2438,11,0
2024-07-10T12:00:00,137.86,7,1,377,12,0
2024-07-10T13:00:00,188.03,5,1,2203,13,0
2024-07-10T14:00:00,332.64,9,1,810,14,0
2024-07-10T15:00:00,65.89,3,1,268,15,0
2024-07-10T16:00:00,14.73,12,1,427,16,0
2024-07-10T17:00:00,73.38,6,1,2132,17,0
2024-07-10T18:00:00,34.0,4,1,477,18,0
2024-07-10T19:00:00,1066.33,10,1,300,19,0
2024-07-10T20:00:00,149.43,2,1,1048,20,0
2024-07-10T21:00:00,90.94,3,1,1683,21,0
2024-07-10T22:00:00,325.29,11,0,2226,22,0
2024-07-10T23:00:00,38.85,11,1,23,23,0
2024-07-11T00:00:00,323.13,12,1,1741,0,0
2024-07-11T01:00:00,991.04,11,0,36,1,0
2024-07-11T02:00:00,117.66,1,1,2143,2,0
2024-07-11T03:00:00,1058.55,11,1,438,3,0
2024-07-11T04:00:00,25.6,3,1,4,4,0
2024-07-11T05:00:00,61.53,1,1,64,5,0
2024-07-11T06:00:00,12.77,3,1,1194,6,0
2024-07-11T07:00:00,126.1,6,1,865,7,0
2024-07-11T08:00:00,26.36,3,1,2464,8,0
2024-07-11T09:00:00,1081.16,2,1,2243,9,0
2024-07-11T10:00:00,21.34,2,1,898,10,0
2024-07-11T11:00:00,77.18,4,1,1111,11,0
2024-07-11T12:00:00,32.76,8,1,1453,12,0
2024-07-11T13:00:00,192.58,7,1,2148,13,0
2024-07-11T14:00:00,101.76,9,0,2069,14,0
2024-07-11T15:00:00,25.28,10,1,2092,15,0
2024-07-11T16:00:00,14.5,5,1,1910,16,0
2024-07-11T17:00:00,24.47,1,1,1301,17,0
2024-07-11T18:00:00,184.5,4,1,1779,18,0
2024-07-11T19:00:00,59.29,8,1,1951,19,0
2024-07-11T20:00:00,812.07,8,1,1149,20,0
2024-07-11T21:00:00,60.46,3,1,1476,21,0
2024-07-11T22:00:00,736.55,10,1,50,22,0
2024-07-11T23:00:00,21.19,10,1,2110,23,0
2024-07-12T00:00:00,37.37,8,1,3,0,0
2024-07-12T01:00:00,20.91,8,1,2171,1,0
2024-07-12T02:00:00,33.93,7,0,1733,2,0
2024-07-12T03:00:00,50.71,1,1,154,3,0
2024-07-12T04:00:00,21.19,3,1,218,4,0
2024-07-12T05:00:00,311.08,2,1,1997,5,0
2024-07-12T06:00:00,93.69,3,1,137,6,0
2024-07-12T07:00:00,10.2,1,1,1581,7,0
2024-07-12T08:00:00,519.28,10,1,2010,8,0
2024-07-12T09:00:00,45.11,7,1,833,9,0
2024-07-12T10:00:00,11.12,2,1,436,10,0
2024-07-12T11:00:00,14.51,6,1,424,11,0
2024-07-12T12:00:00,609.54,11,1,405,12,0
2024-07-12T13:00:00,156.39,2,1,711,13,0
2024-07-12T14:00:00,10.57,12,1,1742,14,0
2024-07-12T15:00:00,111.89,9,1,2111,15,0
2024-07-12T16:00:00,21.17,6,1,282,16,0
2024-07-12T17:00:00,158.24,11,1,194,17,0
2024-07-12T18:00:00,587.33,6,1,15,18,0
2024-07-12T19:00:00,28.77,11,1,1958,19,0
2024-07-12T20:00:00,190.88,11,1,1741,20,0
2024-07-12T21:00:00,10.1,5,1,992,21,0
2024-07-12T22:00:00,44.77,10,1,388,22,0
2024-07-12T23:00:00,80.58,2,1,166,23,0
2024-07-13T00:00:00,66.97,12,0,2262,0,0
2024-07-13T01:00:00,95.04,6,1,2458,1,0
2024-07-13T02:00:00,20.32,8,0,2207,2,0
2024-07-13T03:00:00,281.96,4,1,2031,3,0
2024-07-13T04:00:00,326.33,9,1,1600,4,0
2024-07-13T05:00:00,130.18,4,1,1551,5,0
2024-07-13T06:00:00,478.37,6,1,43,6,0
2024-07-13T07:00:00,265.69,10,1,1839,7,0
2024-07-13T08:00:00,17.59,8,1,566,8,0
2024-07-13T09:00:00,84.24,11,1,1876,9,0
2024-07-13T10:00:00,213.19,10,1,1629,10,0
2024-07-13T11:00:00,183.59,12,1,8,11,0
2024-07-13T12:00:00,763.35,6,1,1867,12,0
2024-07-13T13:00:00,37.02,3,1,1329,13,0
2024-07-13T14:00:00,259.7,10,1,757,14,0
2024-07-13T15:00:00,16.57,9,1,135,15,0
2024-07-13T16:00:00,191.5,10,1,714,16,0
2024-07-13T17:00:00,70.13,11,1,1083,17,0
2024-07-13T18:00:00,302.78,10,1,1858,18,0
2024-07-13T19:00:00,686.15,11,1,1171,19,0
2024-07-13T20:00:00,36.59,8,1,2157,20,0
2024-07-13T21:00:00,146.14,12,1,1294,21,0
2024-07-13T22:00:00,43.64,3,0,2148,22,0
2024-07-13T23:00:00,364.2,12,1,875,23,0
2024-07-14T00:00:00,63.92,12,1,304,0,0
2024-07-14T01:00:00,141.34,5,1,1844,1,0
2024-07-14T02:00:00,14.15,4,1,165,2,0
2024-07-14T03:00:00,19.06,9,1,982,3,0
2024-07-14T04:00:00,10.03,3,1,1934,4,0
2024-07-14T05:00:00,70.27,11,1,467,5,0
2024-07-14T06:00:00,571.1,10,0,2007,6,0
2024-07-14T07:00:00,12.89,6,1,2189,7,0
2024-07-14T08:00:00,86.42,3,1,249,8,0
2024-07-14T09:00:00,13.79,7,1,1944,9,0
2024-07-14T10:00:00,66.04,10,1,1865,10,0
2024-07-14T11:00:00,161.92,11,1,2188,11,0
2024-07-14T12:00:00,1013.81,1,0,1584,12,0
2024-07-14T13:00:00,966.47,12,1,328,13,0
2024-07-14T14:00:00,766.76,5,1,1964,14,0
2024-07-14T15:00:00,294.76,10,1,683,15,0
2024-07-14T16:00:00,24.86,5,1,2482,16,0
2024-07-14T17:00:00,118.11,10,1,2360,17,0
2024-07-14T18:00:00,141.46,4,1,1742,18,0
2024-07-14T19:00:00,167.56,5,1,1993,19,0
2024-07-14T20:00:00,1006.71,1,1,1556,20,0
2024-07-14T21:00:00,457.34,11,1,1093,21,0
2024-07-14T22:00:00,24.23,5,0,1355,22,0
2024-07-14T23:00:00,10.8,7,1,2325,23,0
2024-07-15T00:00:00,11.67,1,1,348,0,0
2024-07-15T01:00:00,38.06,11,1,1897,1,0
2024-07-15T02:00:00,70.59,2,1,533,2,0
2024-07-15T03:00:00,185.63,5,1,876,3,0
2024-07-15T04:00:00,102.11,9,1,79,4,0
2024-07-15T05:00:00,45.49,5,1,642,5,0
2024-07-15T06:00:00,17.97,8,1,1030,6,0
2024-07-15T07:00:00,278.51,2,1,1042,7,0
2024-07-15T08:00:00,570.87,2,0,1302,8,0
2024-07-15T09:00:00,241.72,4,1,1381,9,0
2024-07-15T10:00:00,43.46,1,1,652,10,0
2024-07-15T11:00:00,106.15,6,1,1927,11,0
2024-07-15T12:00:00,23.24,5,1,1768,12,0
2024-07-15T13:00:00,938.66,4,1,434,13,0
2024-07-15T14:00:00,705.43,1,0,2498,14,0
2024-07-15T15:00:00,27.0,7,1,1403,15,0
2024-07-15T16:00:00,12.77,1,1,91,16,0
2024-07-15T17:00:00,66.08,5,1,463,17,0
2024-07-15T18:00:00,36.59,8,1,2084,18,0
2024-07-15T19:00:00,324.47,4,1,2073,19,0
2024-07-15T20:00:00,98.0,4,1,879,20,0
2024-07-15T21:00:00,1054.56,11,1,130,21,0
2024-07-15T22:00:00,10.11,9,1,714,22,0
2024-07-15T23:00:00,595.71,12,1,218,23,0
2024-07-16T00:00:00,258.74,9,1,1844,0,0
2024-07-16T01:00:00,810.12,7,1,1696,1,0
2024-07-16T02:00:00,99.79,2,1,508,2,0
2024-07-16T03:00:00,113.65,1,1,69,3,0
2024-07-16T04:00:00,16.57,6,1,1915,4,0
2024-07-16T05:00:00,724.19,3,1,551,5,0
2024-07-16T06:00:00,23.73,2,1,2338,6,0
2024-07-16T07:00:00,31.08,7,1,1479,7,0
2024-07-16T08:00:00,326.61,6,1,2036,8,0
2024-07-16T09:00:00,14.17,5,1,1843,9,0
2024-07-16T10:00:00,121.29,11,1,526,10,0
2024-07-16T11:00:00,34.38,7,1,1653,11,0
2024-07-16T12:00:00,22.32,3,1,580,12,0
2024-07-16T13:00:00,13.85,4,1,2331,13,0
2024-07-16T14:00:00,412.7,10,1,323,14,0
2024-07-16T15:00:00,28.47,4,1,2170,15,0
2024-07-16T16:00:00,246.11,7,1,170,16,0
2024-07-16T17:00:00,367.85,9,1,1292,17,0
2024-07-16T18:00:00,1002.66,2,1,201,18,0
2024-07-16T19:00:00,105.27,11,1,2173,19,0
2024-07-16T20:00:00,12.9,3,1,193,20,0
2024-07-16T21:00:00,221.11,9,1,1511,21,0
2024-07-16T22:00:00,9.86,3,1,1149,22,0
2024-07-16T23:00:00,37.37,1,1,2260,23,0
2024-07-17T00:00:00,110.38,8,1,919,0,0
2024-07-17T01:00:00,51.44,10,1,2073,1,0
2024-07-17T02:00:00,243.1,1,1,1329,2,0
2024-07-17T03:00:00,30.66,6,1,1843,3,0
2024-07-17T04:00:00,78.11,1,0,465,4,0
2024-07-17T05:00:00,408.79,8,1,1293,5,0
2024-07-17T06:00:00,156.99,12,1,708,6,0
2024-07-17T07:00:00,183.09,1,1,2142,7,0
2024-07-17T08:00:00,21.18,4,1,2196,8,0
2024-07-17T09:00:00,35.08,4,1,1747,9,0
2024-07-17T10:00:00,12.76,1,1,1531,10,0
2024-07-17T11:00:00,25.25,5,1,1806,11,0
2024-07-17T12:00:00,894.29,8,1,421,12,0
2024-07-17T13:00:00,19.83,5,1,756,13,0
2024-07-17T14:00:00,412.17,10,1,1625,14,0
2024-07-17T15:00:00,539.01,11,1,686,15,0
2024-07-17T16:00:00,53.76,1,1,114,16,0
2024-07-17T17:00:00,36.11,2,1,1637,17,0
2024-07-17T18:00:00,140.23,7,1,2076,18,0
2024-07-17T19:00:00,56.59,8,1,1106,19,0
2024-07-17T20:00:00,904.27,11,0,551,20,0
2024-07-17T21:00:00,288.96,12,0,2074,21,0
2024-07-17T22:00:00,28.63,11,1,2012,22,0
2024-07-17T23:00:00,19.95,12,0,1914,23,0
2024-07-18T00:00:00,31.32,3,1,1565,0,0
2024-07-18T01:00:00,60.79,10,1,252,1,0
2024-07-18T02:00:00,462.51,6,1,84,2,0
2024-07-18T03:00:00,25.01,3,1,1799,3,0
2024-07-18T04:00:00,527.79,10,1,284,4,0
2024-07-18T05:00:00,11.24,12,1,240,5,0
2024-07-18T06:00:00,184.08,4,1,1660,6,0
2024-07-18T07:00:00,203.53,9,1,92,7,0
2024-07-18T08:00:00,11.17,12,1,998,8,0
2024-07-18T09:00:00,58.8,12,1,1604,9,0
2024-07-18T10:00:00,72.68,11,0,1036,10,0
2024-07-18T11:00:00,83.71,1,1,2339,11,0
2024-07-18T12:00:00,409.33,9,1,2250,12,0
2024-07-18T13:00:00,258.41,9,1,1601,13,0
2024-07-18T14:00:00,14.13,3,1,1151,14,0
2024-07-18T15:00:00,73.08,12,0,1642,15,0
2024-07-18T16:00:00,826.55,6,1,260,16,0
2024-07-18T17:00:00,530.93,12,1,335,17,0
2024-07-18T18:00:00,14.6,7,0,2336,18,0
2024-07-18T19:00:00,575.31,2,1,335,19,0
2024-07-18T20:00:00,1004.24,7,1,1166,20,0
2024-07-18T21:00:00,33.67,7,1,1764,21,0
2024-07-18T22:00:00,143.61,12,1,1999,22,0
2024-07-18T23:00:00,297.4,12,1,654,23,0
2024-07-19T00:00:00,68.03,9,1,898,0,0
2024-07-19T01:00:00,65.29,11,1,1255,1,0
2024-07-19T02:00:00,155.43,6,1,6,2,0
2024-07-19T03:00:00,359.57,10,1,1090,3,0
2024-07-19T04:00:00,51.7,10,0,1297,4,0
2024-07-19T05:00:00,833.96,4,1,1974,5,0
2024-07-19T06:00:00,304.17,2,1,1712,6,0
2024-07-19T07:00:00,326.8,11,1,1667,7,0
2024-07-19T08:00:00,962.58,10,1,544,8,0
2024-07-19T09:00:00,472.86,5,1,41,9,0
2024-07-19T10:00:00,53.79,8,1,1326,10,0
2024-07-19T11:00:00,171.92,3,1,2021,11,0
2024-07-19T12:00:00,130.56,8,1,531,12,0
2024-07-19T13:00:00,69.32,12,1,2000,13,0
2024-07-19T14:00:00,173.91,7,1,467,14,0
2024-07-19T15:00:00,688.97,7,1,530,15,0
2024-07-19T16:00:00,164.75,5,1,245,16,0
2024-07-19T17:00:00,979.17,3,1,967,17,0
2024-07-19T18:00:00,841.0,10,1,478,18,0
2024-07-19T19:00:00,339.8,3,1,2485,19,0
2024-07-19T20:00:00,549.02,3,1,1488,20,0
2024-07-19T21:00:00,389.78,4,1,1929,21,0
2024-07-19T22:00:00,135.39,6,1,2336,22,0
2024-07-19T23:00:00,492.66,12,0,1455,23,0
2024-07-20T00:00:00,303.79,2,1,1841,0,0
2024-07-20T01:00:00,137.72,10,1,1757,1,0
2024-07-20T02:00:00,22.01,12,1,1945,2,0
2024-07-20T03:00:00,113.07,5,1,138,3,0
2024-07-20T04:00:00,12.38,8,1,2293,4,0
2024-07-20T05:00:00,25.69,3,1,2433,5,0
2024-07-20T06:00:00,87.05,2,1,309,6,0
2024-07-20T07:00:00,685.32,12,1,226,7,0
2024-07-20T08:00:00,10.28,10,1,2471,8,0
2024-07-20T09:00:00,10.62,10,1,2331,9,0
2024-07-20T10:00:00,189.2,3,1,306,10,0
2024-07-20T11:00:00,18.56,9,1,811,11,0
2024-07-20T12:00:00,43.99,6,1,481,12,0
2024-07-20T13:00:00,71.98,4,1,1798,13,0
2024-07-20T14:00:00,25.94,11,1,845,14,0
2024-07-20T15:00:00,167.56,12,1,2470,15,0
2024-07-20T16:00:00,39.9,2,1,1051,16,0
2024-07-20T17:00:00,25.74,2,1,783,17,0
2024-07-20T18:00:00,202.02,6,1,125,18,0
2024-07-20T19:00:00,12.05,5,1,1450,19,0
2024-07-20T20:00:00,415.1,6,1,1065,20,0
2024-07-20T21:00:00,52.16,12,1,2334,21,0
2024-07-20T22:00:00,35.54,5,1,1699,22,0
2024-07-20T23:00:00,11.33,11,1,2480,23,0
2024-07-21T00:00:00,785.85,10,1,1408,0,0
2024-07-21T01:00:00,13.19,4,1,1179,1,0
2024-07-21T02:00:00,262.0,11,1,770,2,0
2024-07-21T03:00:00,544.62,6,1,1441,3,0
2024-07-21T04:00:00,253.44,1,1,1358,4,0
2024-07-21T05:00:00,31.69,3,1,1148,5,0
2024-07-21T06:00:00,160.38,12,1,873,6,0
2024-07-21T07:00:00,27.04,2,1,2484,7,0
2024-07-21T08:00:00,57.4,7,1,1515,8,0
2024-07-21T09:00:00,9.03,4,1,637,9,0
2024-07-21T10:00:00,684.58,12,0,1446,10,0
2024-07-21T11:00:00,27.61,8,1,1369,11,0
2024-07-21T12:00:00,20.67,6,0,2465,12,0
2024-07-21T13:00:00,57.91,3,1,1384,13,0
2024-07-21T14:00:00,10.83,6,1,2207,14,0
2024-07-21T15:00:00,16.74,4,1,1175,15,0
2024-07-21T16:00:00,16.71,10,0,257,16,0
2024-07-21T17:00:00,53.52,1,1,387,17,0
2024-07-21T18:00:00,16.44,10,1,537,18,0
2024-07-21T19:00:00,768.41,9,1,108,19,0
2024-07-21T20:00:00,272.52,10,1,1781,20,0
2024-07-21T21:00:00,61.0,8,1,2142,21,0
2024-07-21T22:00:00,138.38,12,1,138,22,0
2024-07-21T23:00:00,194.23,2,1,1336,23,0
2024-07-22T00:00:00,16.95,7,1,2134,0,0
2024-07-22T01:00:00,103.12,5,1,2235,1,0
2024-07-22T02:00:00,125.05,2,1,1073,2,0
2024-07-22T03:00:00,38.18,4,0,966,3,0
2024-07-22T04:00:00,80.1,12,1,1504,4,0
2024-07-22T05:00:00,62.3,2,1,2349,5,0
2024-07-22T06:00:00,9.71,10,1,215,6,0
2024-07-22T07:00:00,184.11,5,1,563,7,0
2024-07-22T08:00:00,162.32,12,1,1267,8,0
2024-07-22T09:00:00,328.54,8,1,1745,9,0
2024-07-22T10:00:00,290.88,8,1,1936,10,0
2024-07-22T11:00:00,211.23,4,1,2287,11,0
2024-07-22T12:00:00,42.06,8,1,117,12,0
2024-07-22T13:00:00,22.01,3,1,2489,13,0
2024-07-22T14:00:00,132.9,4,0,2408,14,0
2024-07-22T15:00:00,30.59,4,1,42,15,0
2024-07-22T16:00:00,12.05,5,1,877,16,0
2024-07-22T17:00:00,648.92,3,1,1331,17,0
2024-07-22T18:00:00,12.4,1,1,248,18,0
2024-07-22T19:00:00,31.88,12,1,695,19,0
2024-07-22T20:00:00,12.67,3,1,1527,20,0
2024-07-22T21:00:00,936.66,11,1,208,21,0
2024-07-22T22:00:00,500.41,1,1,1261,22,0
2024-07-22T23:00:00,48.8,6,1,1219,23,0
2024-07-23T00:00:00,236.8,3,1,1230,0,0
2024-07-23T01:00:00,11.62,2,1,1138,1,0
2024-07-23T02:00:00,86.19,2,1,1693,2,0
2024-07-23T03:00:00,925.1,9,1,73,3,0
2024-07-23T04:00:00,25.3,8,1,1988,4,0
2024-07-23T05:00:00,615.2,5,1,1096,5,0
2024-07-23T06:00:00,9.25,12,1,1416,6,0
2024-07-23T07:00:00,378.19,12,1,14,7,0
2024-07-23T08:00:00,11.01,8,1,1487,8,0
2024-07-23T09:00:00,591.17,9,1,769,9,0
2024-07-23T10:00:00,18.95,8,1,2310,10,0
2024-07-23T11:00:00,21.99,3,1,414,11,0
2024-07-23T12:00:00,269.77,11,1,977,12,0
2024-07-23T13:00:00,825.49,7,1,2099,13,0
2024-07-23T14:00:00,61.24,8,1,787,14,0
2024-07-23T15:00:00,242.65,2,1,1457,15,0
2024-07-23T16:00:00,131.43,7,1,1105,16,0
2024-07-23T17:00:00,335.3,11,1,265,17,0
2024-07-23T18:00:00,929.71,11,1,1799,18,0
2024-07-23T19:00:00,103.42,12,1,2234,19,0
2024-07-23T20:00:00,94.66,11,1,1418,20,0
2024-07-23T21:00:00,967.5,11,1,147,21,0
2024-07-23T22:00:00,24.55,2,1,1933,22,0
2024-07-23T23:00:00,425.94,1,1,851,23,0
2024-07-24T00:00:00,80.17,4,1,140,0,0
2024-07-24T01:00:00,14.55,12,0,1157,1,0
2024-07-24T02:00:00,165.49,6,1,609,2,0
2024-07-24T03:00:00,95.35,1,1,1500,3,0
2024-07-24T04:00:00,80.09,10,0,2436,4,0
2024-07-24T05:00:00,63.51,9,1,487,5,0
2024-07-24T06:00:00,25.12,8,1,1812,6,0
2024-07-24T07:00:00,261.98,9,1,1647,7,0
2024-07-24T08:00:00,18.84,6,1,991,8,0
2024-07-24T09:00:00,541.78,7,1,455,9,0
2024-07-24T10:00:00,30.77,5,1,124,10,0
2024-07-24T11:00:00,348.72,4,1,429,11,0
2024-07-24T12:00:00,64.99,6,1,546,12,0
2024-07-24T13:00:00,1082.85,3,0,334,13,0
2024-07-24T14:00:00,69.38,6,1,1090,14,0
2024-07-24T15:00:00,331.14,8,1,1068,15,0
2024-07-24T16:00:00,80.1,4,1,1750,16,0
2024-07-24T17:00:00,14.65,1,1,2383,17,0
2024-07-24T18:00:00,28.51,11,1,2158,18,0
2024-07-24T19:00:00,22.79,11,1,1794,19,0
2024-07-24T20:00:00,417.74,3,1,627,20,0
2024-07-24T21:00:00,57.32,10,0,122,21,0
2024-07-24T22:00:00,15.66,10,1,427,22,0
2024-07-24T23:00:00,95.86,12,1,1059,23,0
2024-07-25T00:00:00,38.64,12,1,605,0,0
2024-07-25T01:00:00,123.1,11,1,1637,1,0
2024-07-25T02:00:00,1043.68,12,0,2159,2,0
2024-07-25T03:00:00,230.75,10,1,1376,3,0
2024-07-25T04:00:00,130.44,4,1,817,4,0
2024-07-25T05:00:00,258.17,7,1,2036,5,0
2024-07-25T06:00:00,169.54,5,1,571,6,0
2024-07-25T07:00:00,14.92,10,1,1899,7,0
2024-07-25T08:00:00,88.6,5,1,1305,8,0
2024-07-25T09:00:00,710.6,11,1,1444,9,0
2024-07-25T10:00:00,9.57,4,1,2476,10,0
2024-07-25T11:00:00,960.6,9,1,848,11,0
2024-07-25T12:00:00,986.01,1,1,2476,12,0
2024-07-25T13:00:00,10.66,5,1,1861,13,0
2024-07-25T14:00:00,41.82,9,1,1015,14,0
2024-07-25T15:00:00,134.45,2,1,1819,15,0
2024-07-25T16:00:00,18.97,5,1,2274,16,0
2024-07-25T17:00:00,142.92,1,1,797,17,0
2024-07-25T18:00:00,304.71,4,0,1716,18,0
2024-07-25T19:00:00,12.37,4,1,1663,19,0
2024-07-25T20:00:00,9.84,9,0,1979,20,0
2024-07-25T21:00:00,495.13,11,1,152,21,0
2024-07-25T22:00:00,59.43,1,1,2010,22,0
2024-07-25T23:00:00,12.2,9,1,2250,23,0
2024-07-26T00:00:00,134.38,1,1,589,0,0
2024-07-26T01:00:00,11.91,2,1,931,1,0
2024-07-26T02:00:00,40.47,9,1,1672,2,0
2024-07-26T03:00:00,40.97,1,1,84,3,0
2024-07-26T04:00:00,22.28,2,1,786,4,0
2024-07-26T05:00:00,23.18,5,1,446,5,0
2024-07-26T06:00:00,218.19,5,1,1380,6,0
2024-07-26T07:00:00,80.23,10,1,2272,7,0
2024-07-26T08:00:00,456.06,4,1,948,8,0
2024-07-26T09:00:00,340.48,1,1,1410,9,0
2024-07-26T10:00:00,551.95,8,1,1169,10,0
2024-07-26T11:00:00,58.21,4,1,705,11,0
2024-07-26T12:00:00,750.39,10,1,881,12,0
2024-07-26T13:00:00,32.49,4,1,1261,13,0
2024-07-26T14:00:00,96.4,1,1,1156,14,0
2024-07-26T15:00:00,1028.59,5,1,508,15,0
2024-07-26T16:00:00,19.31,5,0,2385,16,0
2024-07-26T17:00:00,143.25,8,1,116,17,0
2024-07-26T18:00:00,1049.0,9,1,334,18,0
2024-07-26T19:00:00,35.76,6,1,1535,19,0
2024-07-26T20:00:00,151.43,4,1,654,20,0
2024-07-26T21:00:00,318.36,11,1,1761,21,0
2024-07-26T22:00:00,78.37,2,1,1539,22,0
2024-07-26T23:00:00,98.32,11,1,2033,23,0
2024-07-27T00:00:00,92.14,7,1,2034,0,0
2024-07-27T01:00:00,274.1,5,1,1712,1,0
2024-07-27T02:00:00,252.5,2,1,619,2,0
2024-07-27T03:00:00,561.89,12,1,559,3,0
2024-07-27T04:00:00,18.95,3,1,1780,4,0
2024-07-27T05:00:00,287.81,11,1,906,5,0
2024-07-27T06:00:00,90.49,7,1,748,6,0
2024-07-27T07:00:00,243.0,6,1,1780,7,0
2024-07-27T08:00:00,19.86,12,1,1901,8,0
2024-07-27T09:00:00,93.12,11,0,1758,9,0
2024-07-27T10:00:00,418.65,6,1,206,10,0
2024-07-27T11:00:00,49.95,1,1,540,11,0
2024-07-27T12:00:00,55.46,7,1,2085,12,0
2024-07-27T13:00:00,138.44,4,1,1951,13,0
2024-07-27T14:00:00,10.7,10,1,1348,14,0
2024-07-27T15:00:00,194.56,11,1,2056,15,0
2024-07-27T16:00:00,10.32,5,1,1236,16,0
2024-07-27T17:00:00,215.73,11,1,90,17,0
2024-07-27T18:00:00,516.89,12,1,293,18,0
2024-07-27T19:00:00,10.58,8,1,454,19,0
2024-07-27T20:00:00,23.36,2,1,151,20,0
2024-07-27T21:00:00,9.75,6,1,999,21,0
2024-07-27T22:00:00,22.14,7,1,2369,22,0
2024-07-27T23:00:00,108.96,1,1,1151,23,0
2024-07-28T00:00:00,28.05,2,1,1633,0,0
2024-07-28T01:00:00,20.28,7,1,1934,1,0
2024-07-28T02:00:00,717.79,1,0,653,2,0
2024-07-28T03:00:00,43.15,5,1,522,3,0
2024-07-28T04:00:00,36.39,8,1,1224,4,0
2024-07-28T05:00:00,83.26,10,1,2401,5,0
2024-07-28T06:00:00,570.08,5,1,2328,6,0
2024-07-28T07:00:00,19.79,3,1,784,7,0
2024-07-28T08:00:00,160.25,7,1,472,8,0
2024-07-28T09:00:00,47.03,9,1,487,9,0
2024-07-28T10:00:00,857.57,1,1,35,10,0
2024-07-28T11:00:00,468.48,8,1,2264,11,0
2024-07-28T12:00:00,10.82,10,1,2046,12,0
2024-07-28T13:00:00,61.91,1,1,2183,13,0
2024-07-28T14:00:00,16.46,12,1,688,14,0
2024-07-28T15:00:00,954.34,9,1,2134,15,0
2024-07-28T16:00:00,75.33,4,1,823,16,0
2024-07-28T17:00:00,9.45,5,1,1036,17,0
2024-07-28T18:00:00,35.37,12,1,334,18,0
2024-07-28T19:00:00,35.62,12,1,206,19,0
2024-07-28T20:00:00,17.55,1,1,745,20,0
2024-07-28T21:00:00,11.34,8,1,1832,21,0
2024-07-28T22:00:00,280.49,2,1,1677,22,0
2024-07-28T23:00:00,25.5,6,1,2138,23,0
2024-08-01T00:00:00,19.42,12,1,146,0,0
2024-08-01T01:00:00,495.03,9,1,1797,1,0
2024-08-01T02:00:00,76.66,2,1,2246,2,0
2024-08-01T03:00:00,436.75,6,1,778,3,0
2024-08-01T04:00:00,231.91,7,1,1047,4,0
2024-08-01T05:00:00,326.26,2,1,231,5,0
2024-08-01T06:00:00,433.23,2,1,890,6,0
2024-08-01T07:00:00,47.81,11,1,1052,7,0
2024-08-01T08:00:00,544.22,7,1,1582,8,0
2024-08-01T09:00:00,64.45,2,1,2199,9,0
2024-08-01T10:00:00,18.43,2,1,571,10,0
2024-08-01T11:00:00,135.89,11,1,486,11,0
2024-08-01T12:00:00,606.62,10,1,942,12,0
2024-08-01T13:00:00,13.99,6,1,2287,13,0
2024-08-01T14:00:00,135.86,1,1,828,14,0
2024-08-01T15:00:00,567.98,3,1,1242,15,0
2024-08-01T16:00:00,177.41,9,1,1236,16,0
2024-08-01T17:00:00,332.77,9,0,683,17,0
2024-08-01T18:00:00,304.84,7,1,1439,18,0
2024-08-01T19:00:00,15.12,11,1,1848,19,0
2024-08-01T20:00:00,314.68,5,1,2303,20,0
2024-08-01T21:00:00,55.16,9,1,1781,21,0
2024-08-01T22:00:00,19.84,3,1,2195,22,0
2024-08-01T23:00:00,19.34,8,1,1265,23,0
2024-08-02T00:00:00,10.24,12,1,1540,0,0
2024-08-02T01:00:00,10.11,7,1,1790,1,0
2024-08-02T02:00:00,147.98,8,1,1121,2,0
2024-08-02T03:00:00,90.98,8,1,1644,3,0
2024-08-02T04:00:00,84.36,1,1,1350,4,0
2024-08-02T05:00:00,33.24,2,1,1903,5,0
2024-08-02T06:00:00,138.92,4,1,2207,6,0
2024-08-02T07:00:00,220.5,9,1,1325,7,0
2024-08-02T08:00:00,125.91,1,1,471,8,0
2024-08-02T09:00:00,22.82,7,1,748,9,0
2024-08-02T10:00:00,564.22,9,1,489,10,0
2024-08-02T11:00:00,32.13,3,1,983,11,0
2024-08-02T12:00:00,12.04,5,1,1494,12,0
2024-08-02T13:00:00,97.06,2,1,2437,13,0
2024-08-02T14:00:00,21.1,6,0,1497,14,0
2024-08-02T15:00:00,766.03,6,1,1028,15,0
2024-08-02T16:00:00,671.51,1,1,1840,16,0
2024-08-02T17:00:00,336.26,5,1,1824,17,0
2024-08-02T18:00:00,79.68,10,1,1884,18,0
2024-08-02T19:00:00,13.7,2,1,1750,19,0
2024-08-02T20:00:00,606.85,5,1,1224,20,0
2024-08-02T21:00:00,516.07,9,1,1048,21,0
2024-08-02T22:00:00,19.99,9,1,501,22,0
2024-08-02T23:00:00,233.06,1,1,1541,23,0
2024-08-03T00:00:00,55.82,8,1,2125,0,0
2024-08-03T01:00:00,40.02,11,1,612,1,0
2024-08-03T02:00:00,121.05,5,1,384,2,0
2024-08-03T03:00:00,196.94,7,0,243,3,0
2024-08-03T04:00:00,631.02,1,0,597,4,0
2024-08-03T05:00:00,86.4,9,1,720,5,0
2024-08-03T06:00:00,198.47,1,1,64,6,0
2024-08-03T07:00:00,344.3,5,1,1764,7,0
2024-08-03T08:00:00,21.72,6,1,2475,8,0
2024-08-03T09:00:00,20.94,4,1,797,9,0
2024-08-03T10:00:00,24.59,2,1,1822,10,0
2024-08-03T11:00:00,841.05,3,1,1966,11,0
2024-08-03T12:00:00,390.56,3,1,1090,12,0
2024-08-03T13:00:00,16.0,5,1,17,13,0
2024-08-03T14:00:00,35.72,3,1,2354,14,0
2024-08-03T15:00:00,11.84,4,1,681,15,0
2024-08-03T16:00:00,41.54,11,1,257,16,0
2024-08-03T17:00:00,807.58,1,1,238,17,0
2024-08-03T18:00:00,136.13,1,1,2071,18,0
2024-08-03T19:00:00,88.3,9,1,1563,19,0
2024-08-03T20:00:00,22.28,2,1,1989,20,0
2024-08-03T21:00:00,760.66,4,1,713,21,0
2024-08-03T22:00:00,1018.05,2,1,1716,22,0
2024-08-03T23:00:00,138.32,6,1,2035,23,0
2024-08-04T00:00:00,103.03,2,1,2471,0,0
2024-08-04T01:00:00,213.57,5,1,1932,1,0
2024-08-04T02:00:00,385.61,8,1,1381,2,0
2024-08-04T03:00:00,21.79,6,1,1289,3,0
2024-08-04T04:00:00,14.52,6,1,2114,4,0
2024-08-04T05:00:00,38.4,2,1,418,5,0
2024-08-04T06:00:00,16.28,9,1,1332,6,0
2024-08-04T07:00:00,136.71,1,1,833,7,0
2024-08-04T08:00:00,769.03,3,1,400,8,0
2024-08-04T09:00:00,14.09,8,1,878,9,0
2024-08-04T10:00:00,184.43,4,1,2319,10,0
2024-08-04T11:00:00,563.27,9,1,771,11,0
2024-08-04T12:00:00,118.74,8,1,98,12,0
2024-08-04T13:00:00,154.51,6,1,417,13,0
2024-08-04T14:00:00,220.16,10,0,2091,14,0
2024-08-04T15:00:00,54.96,1,1,2472,15,0
2024-08-04T16:00:00,181.4,5,0,1983,16,0
2024-08-04T17:00:00,173.68,8,1,1390,17,0
2024-08-04T18:00:00,56.19,10,1,360,18,0
2024-08-04T19:00:00,104.65,4,1,1199,19,0
2024-08-04T20:00:00,1048.03,6,1,43,20,0
2024-08-04T21:00:00,16.56,3,1,1486,21,0
2024-08-04T22:00:00,190.11,6,1,1819,22,0
2024-08-04T23:00:00,18.94,2,1,1588,23,0
2024-08-05T00:00:00,52.09,12,1,1532,0,0
2024-08-05T01:00:00,524.67,3,1,744,1,0
2024-08-05T02:00:00,97.74,6,1,1769,2,0
2024-08-05T03:00:00,48.17,11,1,1667,3,0
2024-08-05T04:00:00,21.27,3,1,17,4,0
2024-08-05T05:00:00,227.35,9,1,1551,5,0
2024-08-05T06:00:00,9.56,3,1,323,6,0
2024-08-05T07:00:00,166.75,10,1,357,7,0
2024-08-05T08:00:00,586.03,5,1,891,8,0
2024-08-05T09:00:00,38.02,9,0,1114,9,0
2024-08-05T10:00:00,201.54,4,1,1506,10,0
2024-08-05T11:00:00,314.85,11,1,284,11,0
2024-08-05T12:00:00,546.69,12,1,1396,12,0
2024-08-05T13:00:00,12.79,5,1,358,13,0
2024-08-05T14:00:00,612.62,1,1,1329,14,0
2024-08-05T15:00:00,173.16,7,1,1090,15,0
2024-08-05T16:00:00,20.94,8,1,1822,16,0
2024-08-05T17:00:00,64.2,9,1,1352,17,0
2024-08-05T18:00:00,209.76,6,1,2417,18,0
2024-08-05T19:00:00,82.91,11,1,2173,19,0
2024-08-05T20:00:00,12.93,6,1,1027,20,0
2024-08-05T21:00:00,63.14,3,1,122,21,0
2024-08-05T22:00:00,289.01,10,1,223,22,0
2024-08-05T23:00:00,170.18,10,1,327,23,0
2024-08-06T00:00:00,10.54,4,1,1619,0,0
2024-08-06T01:00:00,9.82,11,1,1676,1,0
2024-08-06T02:00:00,311.48,7,1,2140,2,0
2024-08-06T03:00:00,13.17,4,1,1671,3,0
2024-08-06T04:00:00,203.33,4,1,2083,4,0
2024-08-06T05:00:00,11.11,4,1,193,5,0
2024-08-06T06:00:00,153.17,4,1,1562,6,0
2024-08-06T07:00:00,20.18,4,1,2472,7,0
2024-08-06T08:00:00,19.85,8,1,1039,8,0
2024-08-06T09:00:00,242.95,6,1,1426,9,0
2024-08-06T10:00:00,1039.96,11,1,852,10,0
2024-08-06T11:00:00,71.83,11,1,380,11,0
2024-08-06T12:00:00,126.36,1,1,771,12,0
2024-08-06T13:00:00,127.25,5,1,1454,13,0
2024-08-06T14:00:00,406.81,7,1,1954,14,0
2024-08-06T15:00:00,203.75,12,1,1368,15,0
2024-08-06T16:00:00,60.67,11,0,254,16,0
2024-08-06T17:00:00,17.35,4,1,2142,17,0
2024-08-06T18:00:00,33.3,12,1,2269,18,0
2024-08-06T19:00:00,518.43,4,1,2384,19,0
2024-08-06T20:00:00,21.82,7,1,27,20,0
2024-08-06T21:00:00,75.31,11,0,984,21,0
2024-08-06T22:00:00,18.32,2,0,866,22,0
2024-08-06T23:00:00,78.07,7,1,899,23,0
2024-08-07T00:00:00,113.02,1,1,1459,0,0
2024-08-07T01:00:00,98.34,11,1,1863,1,0
2024-08-07T02:00:00,29.87,2,1,2412,2,0
2024-08-07T03:00:00,45.39,9,1,672,3,0
2024-08-07T04:00:00,191.04,4,1,932,4,0
2024-08-07T05:00:00,457.42,7,1,2430,5,0
2024-08-07T06:00:00,458.0,12,1,1302,6,0
2024-08-07T07:00:00,127.23,5,1,1442,7,0
2024-08-07T08:00:00,304.13,10,1,1827,8,0
2024-08-07T09:00:00,292.02,5,1,634,9,0
2024-08-07T10:00:00,147.03,5,1,1612,10,0
2024-08-07T11:00:00,13.21,2,1,1781,11,0
2024-08-07T12:00:00,98.05,9,1,707,12,0
2024-08-07T13:00:00,22.68,5,1,1704,13,0
2024-08-07T14:00:00,173.84,9,1,2177,14,0
2024-08-07T15:00:00,302.91,6,1,1253,15,0
2024-08-07T16:00:00,23.68,10,1,576,16,0
2024-08-07T17:00:00,520.43,1,1,1942,17,0
2024-08-07T18:00:00,74.0,8,1,1932,18,0
2024-08-07T19:00:00,102.95,9,1,2363,19,0
2024-08-07T20:00:00,20.58,4,1,1411,20,0
2024-08-07T21:00:00,75.4,3,1,505,21,0
2024-08-07T22:00:00,41.35,7,1,86,22,0
2024-08-07T23:00:00,303.09,9,1,2385,23,0
2024-08-08T00:00:00,876.99,11,1,2299,0,0
2024-08-08T01:00:00,112.67,5,1,265,1,0
2024-08-08T02:00:00,693.54,5,1,611,2,0
2024-08-08T03:00:00,12.6,7,1,1623,3,0
2024-08-08T04:00:00,56.56,1,1,1936,4,0
2024-08-08T05:00:00,23.8,12,1,1598,5,1
2024-08-08T06:00:00,173.49,6,1,61,6,0
2024-08-08T07:00:00,11.99,11,1,468,7,0
2024-08-08T08:00:00,472.28,6,1,1380,8,0
2024-08-08T09:00:00,9.35,1,1,2245,9,0
2024-08-08T10:00:00,399.43,10,1,2285,10,0
2024-08-08T11:00:00,58.84,8,1,482,11,0
2024-08-08T12:00:00,556.68,10,1,797,12,0
2024-08-08T13:00:00,623.24,2,1,2028,13,0
2024-08-08T14:00:00,754.8,8,1,578,14,0
2024-08-08T15:00:00,483.45,9,1,753,15,0
2024-08-08T16:00:00,213.24,2,1,2172,16,0
2024-08-08T17:00:00,235.08,6,1,1561,17,0
2024-08-08T18:00:00,393.7,2,1,707,18,0
2024-08-08T19:00:00,130.13,11,1,866,19,0
2024-08-08T20:00:00,11.4,4,1,958,20,0
2024-08-08T21:00:00,19.66,12,1,476,21,0
2024-08-08T22:00:00,480.43,6,1,76,22,0
2024-08-08T23:00:00,940.6,6,1,896,23,0
2024-08-09T00:00:00,32.59,12,1,1365,0,0
2024-08-09T01:00:00,117.4,2,1,1750,1,0
2024-08-09T02:00:00,109.83,1,1,257,2,0
2024-08-09T03:00:00,15.98,3,1,146,3,0
2024-08-09T04:00:00,11.34,9,1,419,4,0
2024-08-09T05:00:00,281.06,12,0,1707,5,0
2024-08-09T06:00:00,15.57,12,1,2479,6,0
2024-08-09T07:00:00,72.32,2,1,274,7,0
2024-08-09T08:00:00,17.77,11,1,2268,8,0
2024-08-09T09:00:00,45.76,9,1,812,9,0
2024-08-09T10:00:00,960.7,11,1,1973,10,0
2024-08-09T11:00:00,99.06,12,1,926,11,0
2024-08-09T12:00:00,73.98,10,1,468,12,0
2024-08-09T13:00:00,53.63,9,1,1033,13,0
2024-08-09T14:00:00,116.36,11,1,265,14,0
2024-08-09T15:00:00,79.49,11,1,1127,15,0
2024-08-09T16:00:00,67.48,12,1,488,16,0
2024-08-09T17:00:00,30.55,10,1,910,17,0
2024-08-09T18:00:00,79.14,5,1,1242,18,0
2024-08-09T19:00:00,15.47,2,1,1308,19,0
2024-08-09T20:00:00,15.38,12,1,135,20,0
2024-08-09T21:00:00,14.19,9,1,2372,21,0
2024-08-09T22:00:00,38.16,10,1,1223,22,0
2024-08-09T23:00:00,290.23,5,1,36,23,0
2024-08-10T00:00:00,425.74,6,1,676,0,0
2024-08-10T01:00:00,376.71,12,1,216,1,0
2024-08-10T02:00:00,74.37,9,1,1014,2,0
2024-08-10T03:00:00,286.41,2,1,807,3,0
2024-08-10T04:00:00,897.55,6,1,1859,4,0
2024-08-10T05:00:00,182.16,8,1,462,5,0
2024-08-10T06:00:00,18.06,12,1,908,6,0
2024-08-10T07:00:00,673.07,10,1,1900,7,0
2024-08-10T08:00:00,114.92,7,1,675,8,0
2024-08-10T09:00:00,187.08,7,0,455,9,0
2024-08-10T10:00:00,9.7,9,1,163,10,0
2024-08-10T11:00:00,18.13,10,1,517,11,0
2024-08-10T12:00:00,511.73,4,1,1909,12,0
2024-08-10T13:00:00,36.79,2,1,2098,13,0
2024-08-10T14:00:00,518.82,9,0,613,14,0
2024-08-10T15:00:00,164.36,10,1,828,15,0
2024-08-10T16:00:00,76.18,10,1,1743,16,0
2024-08-10T17:00:00,104.2,3,1,2259,17,0
2024-08-10T18:00:00,275.58,6,1,1617,18,0
2024-08-10T19:00:00,159.0,7,1,147,19,0
2024-08-10T20:00:00,703.97,4,1,1710,20,0
2024-08-10T21:00:00,13.57,6,0,202,21,0
2024-08-10T22:00:00,9.69,7,0,807,22,0
2024-08-10T23:00:00,124.17,1,1,1396,23,0
2024-08-11T00:00:00,51.17,10,1,1223,0,0
2024-08-11T01:00:00,76.46,9,1,1790,1,0
2024-08-11T02:00:00,295.16,8,1,1126,2,0
2024-08-11T03:00:00,114.67,5,0,2388,3,0
2024-08-11T04:00:00,67.03,5,1,9,4,0
2024-08-11T05:00:00,355.19,10,1,629,5,0
2024-08-11T06:00:00,220.25,3,0,1017,6,0
2024-08-11T07:00:00,16.33,5,1,1751,7,0
2024-08-11T08:00:00,81.65,12,1,537,8,0
2024-08-11T09:00:00,99.59,6,1,2266,9,0
2024-08-11T10:00:00,26.69,8,1,2302,10,0
2024-08-11T11:00:00,53.98,8,1,2281,11,0
2024-08-11T12:00:00,10.39,12,1,1415,12,0
2024-08-11T13:00:00,107.7,2,1,366,13,0
2024-08-11T14:00:00,14.14,6,1,1687,14,0
2024-08-11T15:00:00,216.07,11,1,50,15,0
2024-08-11T16:00:00,19.55,2,1,2124,16,0
2024-08-11T17:00:00,849.58,9,1,695,17,0
2024-08-11T18:00:00,14.91,1,1,2032,18,0
2024-08-11T19:00:00,261.15,7,1,2170,19,0
2024-08-11T20:00:00,892.2,6,1,1646,20,0
2024-08-11T21:00:00,16.52,10,1,1512,21,0
2024-08-11T22:00:00,1095.22,6,1,2372,22,0
2024-08-11T23:00:00,19.29,6,1,1511,23,0
2024-08-12T00:00:00,278.19,9,1,200,0,0
2024-08-12T01:00:00,13.63,7,1,1105,1,0
2024-08-12T02:00:00,26.23,8,1,983,2,0
2024-08-12T03:00:00,334.73,4,1,1178,3,0
2024-08-12T04:00:00,346.3,12,1,2334,4,0
2024-08-12T05:00:00,26.09,3,1,1259,5,0
2024-08-12T06:00:00,18.09,5,1,2311,6,0
2024-08-12T07:00:00,10.53,3,1,476,7,0
2024-08-12T08:00:00,22.93,8,1,1126,8,0
2024-08-12T09:00:00,10.61,2,1,651,9,0
2024-08-12T10:00:00,27.03,5,1,1174,10,0
2024-08-12T11:00:00,52.83,6,1,2272,11,0
2024-08-12T12:00:00,65.33,4,1,664,12,0
2024-08-12T13:00:00,290.95,12,1,2156,13,0
2024-08-12T14:00:00,542.12,4,1,1622,14,0
2024-08-12T15:00:00,45.23,9,0,1645,15,0
2024-08-12T16:00:00,25.12,4,1,1415,16,0
2024-08-12T17:00:00,69.33,7,0,2419,17,0
2024-08-12T18:00:00,76.66,3,1,1214,18,0
2024-08-12T19:00:00,16.7,10,1,2127,19,0
2024-08-12T20:00:00,16.42,6,1,1863,20,0
2024-08-12T21:00:00,296.19,5,1,1883,21,0
2024-08-12T22:00:00,80.65,9,1,1219,22,0
2024-08-12T23:00:00,78.78,1,0,1878,23,0
2024-08-13T00:00:00,831.82,8,1,845,0,0
2024-08-13T01:00:00,44.6,10,1,2408,1,0
2024-08-13T02:00:00,15.26,7,1,1296,2,0
2024-08-13T03:00:00,16.85,7,1,2252,3,0
2024-08-13T04:00:00,691.0,6,1,583,4,0
2024-08-13T05:00:00,28.56,6,0,1814,5,0
2024-08-13T06:00:00,130.42,11,1,869,6,0
2024-08-13T07:00:00,60.03,2,1,154,7,0
2024-08-13T08:00:00,21.34,12,0,331,8,0
2024-08-13T09:00:00,284.33,9,1,822,9,0
2024-08-13T10:00:00,35.57,4,1,2200,10,0
2024-08-13T11:00:00,470.79,10,1,490,11,0
2024-08-13T12:00:00,153.14,4,1,2381,12,0
2024-08-13T13:00:00,44.23,9,1,2142,13,0
2024-08-13T14:00:00,9.56,10,1,1436,14,0
2024-08-13T15:00:00,17.39,10,0,1392,15,0
2024-08-13T16:00:00,66.04,12,1,1585,16,0
2024-08-13T17:00:00,281.17,10,1,2120,17,0
2024-08-13T18:00:00,53.74,10,1,415,18,0
2024-08-13T19:00:00,16.06,12,1,973,19,0
2024-08-13T20:00:00,150.34,4,1,688,20,0
2024-08-13T21:00:00,26.63,9,0,573,21,0
2024-08-13T22:00:00,116.01,8,1,1693,22,0
2024-08-13T23:00:00,49.42,12,1,1165,23,0
2024-08-14T00:00:00,115.72,11,0,1617,0,0
2024-08-14T01:00:00,141.15,2,1,2441,1,0
2024-08-14T02:00:00,30.15,4,1,328,2,0
2024-08-14T03:00:00,1029.6,10,1,2487,3,0
2024-08-14T04:00:00,185.81,12,1,2210,4,0
2024-08-14T05:00:00,66.12,9,1,1522,5,0
2024-08-14T06:00:00,30.24,7,1,2315,6,0
2024-08-14T07:00:00,73.01,1,1,559,7,0
2024-08-14T08:00:00,17.59,1,1,1478,8,0
2024-08-14T09:00:00,13.5,9,1,2484,9,0
2024-08-14T10:00:00,20.85,2,0,2109,10,0
2024-08-14T11:00:00,752.22,5,1,636,11,0
2024-08-14T12:00:00,26.64,6,1,1692,12,0
2024-08-14T13:00:00,876.89,9,1,1488,13,0
2024-08-14T14:00:00,69.82,12,1,161,14,0
2024-08-14T15:00:00,25.39,4,1,250,15,0
2024-08-14T16:00:00,447.25,2,1,293,16,0
2024-08-14T17:00:00,314.53,4,1,907,17,0
2024-08-14T18:00:00,15.13,12,1,14,18,0
2024-08-14T19:00:00,163.64,5,1,1183,19,0
2024-08-14T20:00:00,156.73,12,1,1338,20,0
2024-08-14T21:00:00,9.61,5,1,874,21,0
2024-08-14T22:00:00,69.62,3,1,2036,22,0
2024-08-14T23:00:00,761.22,9,1,1315,23,0
2024-08-15T00:00:00,207.91,4,1,388,0,0
2024-08-15T01:00:00,24.78,9,1,785,1,0
2024-08-15T02:00:00,563.87,5,1,16,2,0
2024-08-15T03:00:00,490.38,11,1,689,3,0
2024-08-15T04:00:00,16.97,12,1,2386,4,0
2024-08-15T05:00:00,25.31,11,1,297,5,0
2024-08-15T06:00:00,38.61,9,1,296,6,0
2024-08-15T07:00:00,86.35,12,1,753,7,0
2024-08-15T08:00:00,866.69,11,1,899,8,0
2024-08-15T09:00:00,66.31,2,1,795,9,0
2024-08-15T10:00:00,58.78,3,1,2065,10,0
2024-08-15T11:00:00,1073.11,1,1,597,11,0
2024-08-15T12:00:00,679.96,11,0,132,12,0
2024-08-15T13:00:00,541.22,9,1,119,13,0
2024-08-15T14:00:00,188.3,5,1,894,14,0
2024-08-15T15:00:00,75.56,11,1,1877,15,0
2024-08-15T16:00:00,18.97,11,1,631,16,0
2024-08-15T17:00:00,59.94,11,1,1047,17,0
2024-08-15T18:00:00,457.58,9,1,2277,18,0
2024-08-15T19:00:00,148.04,3,0,554,19,0
2024-08-15T20:00:00,54.8,12,1,36,20,0
2024-08-15T21:00:00,195.42,1,1,1153,21,0
2024-08-15T22:00:00,40.63,6,1,1392,22,0
2024-08-15T23:00:00,117.0,6,1,559,23,0
2024-08-16T00:00:00,15.6,3,1,986,0,0
2024-08-16T01:00:00,24.18,12,1,692,1,0
2024-08-16T02:00:00,137.21,5,1,1857,2,0
2024-08-16T03:00:00,521.43,5,1,2195,3,0
2024-08-16T04:00:00,13.13,11,0,2410,4,0
2024-08-16T05:00:00,316.47,11,1,1307,5,0
2024-08-16T06:00:00,640.28,5,1,1061,6,0
2024-08-16T07:00:00,584.53,6,1,739,7,0
2024-08-16T08:00:00,40.03,12,1,1750,8,0
2024-08-16T09:00:00,901.86,7,1,603,9,0
2024-08-16T10:00:00,498.7,5,1,909,10,0
2024-08-16T11:00:00,22.18,1,1,1370,11,0
2024-08-16T12:00:00,293.0,2,1,750,12,0
2024-08-16T13:00:00,30.82,8,1,1493,13,0
2024-08-16T14:00:00,724.36,12,1,1235,14,0
2024-08-16T15:00:00,139.29,10,0,1470,15,0
2024-08-16T16:00:00,71.63,8,1,2415,16,0
2024-08-16T17:00:00,68.8,1,1,2444,17,0
2024-08-16T18:00:00,612.05,5,1,1434,18,0
2024-08-16T19:00:00,12.32,5,1,1303,19,0
2024-08-16T20:00:00,687.01,11,0,36,20,0
2024-08-16T21:00:00,291.89,12,1,1499,21,0
2024-08-16T22:00:00,546.15,1,1,1567,22,0
2024-08-16T23:00:00,16.95,12,1,1044,23,0
2024-08-17T00:00:00,158.0,1,1,1908,0,0
2024-08-17T01:00:00,127.19,6,1,1620,1,0
2024-08-17T02:00:00,434.83,10,1,1090,2,0
2024-08-17T03:00:00,17.09,6,0,2487,3,0
2024-08-17T04:00:00,659.55,6,1,1988,4,0
2024-08-17T05:00:00,34.26,8,1,1920,5,0
2024-08-17T06:00:00,219.71,10,1,289,6,0
2024-08-17T07:00:00,372.18,8,1,458,7,0
2024-08-17T08:00:00,149.0,8,1,2074,8,0
2024-08-17T09:00:00,60.4,7,1,1614,9,0
2024-08-17T10:00:00,187.9,10,1,309,10,0
2024-08-17T11:00:00,429.6,11,1,633,11,0
2024-08-17T12:00:00,17.01,6,0,981,12,0
2024-08-17T13:00:00,143.35,6,1,1656,13,0
2024-08-17T14:00:00,142.85,9,1,2166,14,0
2024-08-17T15:00:00,17.25,12,1,2114,15,0
2024-08-17T16:00:00,55.66,12,0,1399,16,0
2024-08-17T17:00:00,10.45,2,1,1521,17,0
2024-08-17T18:00:00,122.23,1,1,1980,18,0
2024-08-17T19:00:00,36.28,8,1,316,19,0
2024-08-17T20:00:00,703.54,2,1,2130,20,0
2024-08-17T21:00:00,28.44,9,1,2398,21,0
2024-08-17T22:00:00,70.35,1,1,2211,22,0
2024-08-17T23:00:00,38.97,6,1,794,23,0
2024-08-18T00:00:00,140.51,8,1,2460,0,0
2024-08-18T01:00:00,146.07,1,1,1577,1,0
2024-08-18T02:00:00,84.75,7,1,553,2,0
2024-08-18T03:00:00,361.17,6,1,301,3,0
2024-08-18T04:00:00,48.0,1,1,2336,4,0
2024-08-18T05:00:00,209.16,3,1,1651,5,0
2024-08-18T06:00:00,374.59,12,1,2328,6,0
2024-08-18T07:00:00,990.89,12,0,825,7,0
2024-08-18T08:00:00,36.57,6,1,627,8,0
2024-08-18T09:00:00,796.32,12,1,216,9,0
2024-08-18T10:00:00,15.57,4,1,739,10,0
2024-08-18T11:00:00,31.77,3,1,1711,11,0
2024-08-18T12:00:00,194.49,6,1,38,12,0
2024-08-18T13:00:00,104.53,6,1,1411,13,0
2024-08-18T14:00:00,1019.45,3,1,524,14,0
2024-08-18T15:00:00,32.95,7,1,2182,15,0
2024-08-18T16:00:00,25.9,12,1,196,16,0
2024-08-18T17:00:00,10.0,5,1,1206,17,0
2024-08-18T18:00:00,314.26,4,1,1128,18,0
2024-08-18T19:00:00,11.57,7,1,897,19,0
2024-08-18T20:00:00,26.37,2,1,1825,20,0
2024-08-18T21:00:00,22.34,6,1,1047,21,0
2024-08-18T22:00:00,9.77,3,1,1735,22,0
2024-08-18T23:00:00,86.39,7,1,2423,23,0
2024-08-19T00:00:00,12.17,4,1,2433,0,0
2024-08-19T01:00:00,30.5,9,1,947,1,0
2024-08-19T02:00:00,209.59,7,1,2376,2,0
2024-08-19T03:00:00,336.41,10,1,1884,3,0
2024-08-19T04:00:00,9.66,11,1,1863,4,0
2024-08-19T05:00:00,284.69,7,1,1308,5,0
2024-08-19T06:00:00,15.08,4,1,2481,6,0
2024-08-19T07:00:00,34.63,12,1,429,7,0
2024-08-19T08:00:00,20.87,7,0,962,8,0
2024-08-19T09:00:00,127.69,2,1,1316,9,0
2024-08-19T10:00:00,220.76,8,1,607,10,0
2024-08-19T11:00:00,19.46,7,1,1173,11,0
2024-08-19T12:00:00,9.34,11,1,559,12,0
2024-08-19T13:00:00,53.84,11,1,659,13,0
2024-08-19T14:00:00,321.84,10,1,327,14,0
2024-08-19T15:00:00,308.52,1,1,1435,15,0
2024-08-19T16:00:00,347.8,11,1,1298,16,0
2024-08-19T17:00:00,481.68,6,1,216,17,0
2024-08-19T18:00:00,426.02,3,1,2134,18,0
2024-08-19T19:00:00,34.01,8,1,744,19,0
2024-08-19T20:00:00,34.8,11,0,2054,20,0
2024-08-19T21:00:00,17.62,10,1,518,21,0
2024-08-19T22:00:00,23.89,11,1,1395,22,0
2024-08-19T23:00:00,37.87,7,1,2110,23,0
2024-08-20T00:00:00,12.81,11,1,1581,0,0
2024-08-20T01:00:00,359.97,3,1,1355,1,0
2024-08-20T02:00:00,159.88,6,1,1575,2,0
2024-08-20T03:00:00,85.62,6,1,230,3,0
2024-08-20T04:00:00,157.26,10,1,1467,4,0
2024-08-20T05:00:00,18.76,2,1,1606,5,0
2024-08-20T06:00:00,30.55,12,0,2103,6,0
2024-08-20T07:00:00,154.04,2,1,1274,7,0
2024-08-20T08:00:00,387.61,7,1,217,8,0
2024-08-20T09:00:00,136.36,6,1,940,9,0
2024-08-20T10:00:00,288.94,5,1,1179,10,0
2024-08-20T11:00:00,44.91,3,1,209,11,0
2024-08-20T12:00:00,35.83,1,1,1782,12,0
2024-08-20T13:00:00,852.63,5,1,1827,13,0
2024-08-20T14:00:00,32.71,7,1,362,14,0
2024-08-20T15:00:00,669.0,4,1,45,15,0
2024-08-20T16:00:00,602.8,9,1,1378,16,0
2024-08-20T17:00:00,78.54,2,1,2070,17,0
2024-08-20T18:00:00,43.29,12,1,2461,18,0
2024-08-20T19:00:00,142.59,3,1,1885,19,0
2024-08-20T20:00:00,103.25,3,1,1744,20,0
2024-08-20T21:00:00,25.58,11,1,254,21,0
2024-08-20T22:00:00,54.99,1,1,327,22,0
2024-08-20T23:00:00,14.0,2,1,305,23,0
2024-08-21T00:00:00,29.48,6,1,264,0,0
2024-08-21T01:00:00,254.81,10,1,1828,1,0
2024-08-21T02:00:00,654.54,1,1,696,2,0
2024-08-21T03:00:00,39.84,10,1,1576,3,0
2024-08-21T04:00:00,648.18,12,0,256,4,0
2024-08-21T05:00:00,19.22,11,1,1966,5,0
2024-08-21T06:00:00,32.0,8,1,945,6,0
2024-08-21T07:00:00,589.93,2,0,1584,7,0
2024-08-21T08:00:00,97.24,10,1,830,8,0
2024-08-21T09:00:00,612.51,3,1,627,9,0
2024-08-21T10:00:00,11.85,7,1,1564,10,0
2024-08-21T11:00:00,130.27,12,1,734,11,0
2024-08-21T12:00:00,13.52,6,1,897,12,0
2024-08-21T13:00:00,32.81,3,1,1129,13,0
2024-08-21T14:00:00,832.53,9,1,2025,14,0
2024-08-21T15:00:00,167.45,10,1,1193,15,0
